SourceFile,ExtractTimestamp,PlanetFormID,PlanetEditorID,PlanetName,BodyType,StarSystemID,SystemName,ParentPlanetID,PlanetID,AtmosphereFormID,AtmosphereEditorID,AtmosphereSourceFile,AtmosphericResourceCount,AtmosphericResourceIndex,ResourceFormID,ResourceEditorID,ResourceName,ResourceSourceFile,ResourceDefinedByAtmosphereFormID,ResourceDefinedByAtmosphereEditorID,ResourceDefinedByAtmosphereSourceFile,AtmosphereInheritanceDepth
ShatteredSpace.esm,2026-09-02 23:00:21,01000801,VaruunkaiPlanetData,Va'ruun'kai,Moon,119226,Kavnyk,19,21,0105BE03,SFBGS001_ATMO_Varuunkai,ShatteredSpace.esm,1,0,000083EC,ResInorgCommonWater_L,Water,Starfield.esm,0020CDD3,AtmoDefaultMedium,Starfield.esm,2
Starfield.esm,2026-09-02 23:00:21,0005E59B,KazaalPlanetData,Ka'zaal,Moon,77172,Nirah,4,5,0000C09C,ATMO_Kazaal,Starfield.esm,1,0,000083EC,ResInorgCommonWater_L,Water,Starfield.esm,0020CDD3,AtmoDefaultMedium,Starfield.esm,2
Starfield.esm,2026-09-02 23:00:21,0005E595,SiriusIII-aPlanetData,Sirius III-a,Moon,32263,Sirius,3,7,000096D5,ATMO_SiriusIII-a,Starfield.esm,1,0,000083EC,ResInorgCommonWater_L,Water,Starfield.esm,0020CDD3,AtmoDefaultMedium,Starfield.esm,2
Starfield.esm,2026-09-02 23:00:21,0005E587,TolimanIIPlanetData,Toliman II,Planet,119223,Toliman,0,29,0000C015,ATMO_TolimanII,Starfield.esm,1,0,000083EC,ResInorgCommonWater_L,Water,Starfield.esm,0020CDD3,AtmoDefaultMedium,Starfield.esm,2
Starfield.esm,2026-09-02 23:00:21,0005E568,VestaPlanetData,Vesta,Planet,83865,Lunara,0,2,0000D4C9,ATMO_Vesta,Starfield.esm,2,0,000057E7,ResInorgUncommonBenzene_G,Benzene,Starfield.esm,0000D4C9,ATMO_Vesta,Starfield.esm,0
Starfield.esm,2026-09-02 23:00:21,0005E568,VestaPlanetData,Vesta,Planet,83865,Lunara,0,2,0000D4C9,ATMO_Vesta,Starfield.esm,2,1,000083EC,ResInorgCommonWater_L,Water,Starfield.esm,0000D4C9,ATMO_Vesta,Starfield.esm,0
Starfield.esm,2026-09-02 23:00:21,0005E556,SumatiPlanetData,Sumati,Planet,88327,Narion,0,2,0000C1B8,ATMO_Sumati,Starfield.esm,1,0,000083EC,ResInorgCommonWater_L,Water,Starfield.esm,0020CDD3,AtmoDefaultMedium,Starfield.esm,2
Starfield.esm,2026-09-02 23:00:21,0005E555,NiiraPlanetData,Niira,Planet,88327,Narion,0,1,0000D4D4,ATMO_Niira,Starfield.esm,2,0,000057D5,ResInorgCommonChlorine_G,Chlorine,Starfield.esm,0000D4D4,ATMO_Niira,Starfield.esm,0
Starfield.esm,2026-09-02 23:00:21,0005E555,NiiraPlanetData,Niira,Planet,88327,Narion,0,1,0000D4D4,ATMO_Niira,Starfield.esm,2,1,000083EC,ResInorgCommonWater_L,Water,Starfield.esm,0000D4D4,ATMO_Niira,Starfield.esm,0
Starfield.esm,2026-09-02 23:00:21,0005E547,BolivarIPlanetData,Bolivar I,Planet,118818,Bolivar,0,1,0000C2F2,ATMO_DegrasseI,Starfield.esm,1,0,000083EC,ResInorgCommonWater_L,Water,Starfield.esm,0020CDD3,AtmoDefaultMedium,Starfield.esm,2
Starfield.esm,2026-09-02 23:00:21,0005E539,RiveraIPlanetData,Rivera I,Planet,118819,Rivera,0,1,0000C2F3,ATMO_TysonI,Starfield.esm,1,0,000083EC,ResInorgCommonWater_L,Water,Starfield.esm,0020CDD3,AtmoDefaultMedium,Starfield.esm,2
Starfield.esm,2026-09-02 23:00:21,0005E530,BardeenV-cPlanetData,Bardeen V-c,Moon,90582,Bardeen,5,20,000096C6,ATMO_BardeenV-c,Starfield.esm,1,0,000083EC,ResInorgCommonWater_L,Water,Starfield.esm,0020CDD3,AtmoDefaultMedium,Starfield.esm,2
Starfield.esm,2026-09-02 23:00:21,0005E52C,BardeenV-dPlanetData,Bardeen V-d,Moon,90582,Bardeen,5,16,0000D4AF,ATMO_BardeenV-d,Starfield.esm,1,0,000057D5,ResInorgCommonChlorine_G,Chlorine,Starfield.esm,0000D4AF,ATMO_BardeenV-d,Starfield.esm,0
Starfield.esm,2026-09-02 23:00:21,0005E526,BardeenIIIPlanetData,Bardeen III,Planet,90582,Bardeen,0,3,000096C4,ATMO_BardeenIII,Starfield.esm,1,0,000083EC,ResInorgCommonWater_L,Water,Starfield.esm,0020CDD3,AtmoDefaultMedium,Starfield.esm,2
Starfield.esm,2026-09-02 23:00:21,0005E51C,EridaniVIII-dPlanetData,Eridani VIII-d,Moon,15471,Eridani,8,24,000096CD,ATMO_EridaniVIII-d,Starfield.esm,1,0,000083EC,ResInorgCommonWater_L,Water,Starfield.esm,0020CDD3,AtmoDefaultMedium,Starfield.esm,2
Starfield.esm,2026-09-02 23:00:21,0005E50F,EridaniIVPlanetData,Eridani IV,Planet,15471,Eridani,0,4,0000D4B1,ATMO_EridaniIV,Starfield.esm,2,0,000057D0,ResInorgUncommonFluorine_G,Fluorine,Starfield.esm,0000D4B1,ATMO_EridaniIV,Starfield.esm,0
Starfield.esm,2026-09-02 23:00:21,0005E50F,EridaniIVPlanetData,Eridani IV,Planet,15471,Eridani,0,4,0000D4B1,ATMO_EridaniIV,Starfield.esm,2,1,000083EC,ResInorgCommonWater_L,Water,Starfield.esm,0000D4B1,ATMO_EridaniIV,Starfield.esm,0
Starfield.esm,2026-09-02 23:00:21,0005E50C,EridaniIII-bPlanetData,Eridani III-b,Moon,15471,Eridani,3,12,000096C9,ATMO_EridaniIII-b,Starfield.esm,1,0,000057F5,ResInorgCommonHelium3_G,Helium-3,Starfield.esm,000096C9,ATMO_EridaniIII-b,Starfield.esm,0
Starfield.esm,2026-09-02 23:00:21,0005E50B,EridaniIIIPlanetData,Eridani III,Planet,15471,Eridani,0,3,000096C8,ATMO_EridaniIII,Starfield.esm,1,0,000083EC,ResInorgCommonWater_L,Water,Starfield.esm,0020CDD3,AtmoDefaultMedium,Starfield.esm,2
Starfield.esm,2026-09-02 23:00:21,0005E50A,EridaniIIPlanetData,Eridani II,Planet,15471,Eridani,0,2,000096C7,ATMO_EridaniII,Starfield.esm,1,0,000083EC,ResInorgCommonWater_L,Water,Starfield.esm,0020CDD4,AtmoDefaultDense,Starfield.esm,2
Starfield.esm,2026-09-02 23:00:21,0005E509,EridaniIPlanetData,Eridani I,Planet,15471,Eridani,0,1,0000D4B0,ATMO_EridaniI,Starfield.esm,1,0,000057D5,ResInorgCommonChlorine_G,Chlorine,Starfield.esm,0000D4B0,ATMO_EridaniI,Starfield.esm,0
Starfield.esm,2026-09-02 23:00:21,0005E504,LuytensRockPlanetData,Luyten's Rock,Planet,36107,Luyten's Star,0,1,000096D6,ATMO_LuytensRock,Starfield.esm,1,0,000057F5,ResInorgCommonHelium3_G,Helium-3,Starfield.esm,000096D6,ATMO_LuytensRock,Starfield.esm,0
Starfield.esm,2026-09-02 23:00:21,0005E500,ProcyonVI-cPlanetData,Procyon VI-c,Moon,37173,Procyon A,6,14,000096DB,ATMO_ProcyonVI-c,Starfield.esm,1,0,000083EC,ResInorgCommonWater_L,Water,Starfield.esm,0020CDD3,AtmoDefaultMedium,Starfield.esm,2
Starfield.esm,2026-09-02 23:00:21,0005E4F6,ProcyonIIIPlanetData,Procyon III,Planet,37173,Procyon A,0,3,000096D8,ATMO_ProcyonIII,Starfield.esm,1,0,000083EC,ResInorgCommonWater_L,Water,Starfield.esm,0020CDD3,AtmoDefaultMedium,Starfield.esm,2
Starfield.esm,2026-09-02 23:00:21,0005E4F3,ProcyonIPlanetData,Procyon I,Planet,37173,Procyon A,0,1,0000D4B2,ATMO_ProcyonI,Starfield.esm,1,0,000057D5,ResInorgCommonChlorine_G,Chlorine,Starfield.esm,0000D4B2,ATMO_ProcyonI,Starfield.esm,0
Starfield.esm,2026-09-02 23:00:21,0005E4ED,CassiopeiaIV-aPlanetData,Cassiopeia IV-a,Moon,3814,Eta Cassiopeia,4,9,0000D4B3,ATMO_CassiopeiaIV-a,Starfield.esm,2,0,000057D5,ResInorgCommonChlorine_G,Chlorine,Starfield.esm,0000D4B3,ATMO_CassiopeiaIV-a,Starfield.esm,0
Starfield.esm,2026-09-02 23:00:21,0005E4ED,CassiopeiaIV-aPlanetData,Cassiopeia IV-a,Moon,3814,Eta Cassiopeia,4,9,0000D4B3,ATMO_CassiopeiaIV-a,Starfield.esm,2,1,000083EC,ResInorgCommonWater_L,Water,Starfield.esm,0000D4B3,ATMO_CassiopeiaIV-a,Starfield.esm,0
Starfield.esm,2026-09-02 23:00:21,0005E4E8,CassiopeiaII-aPlanetData,Cassiopeia II-a,Moon,3814,Eta Cassiopeia,2,6,0025E055,ATMO_CassiopeiaII-a,Starfield.esm,2,0,000057F5,ResInorgCommonHelium3_G,Helium-3,Starfield.esm,0025E055,ATMO_CassiopeiaII-a,Starfield.esm,0
Starfield.esm,2026-09-02 23:00:21,0005E4E8,CassiopeiaII-aPlanetData,Cassiopeia II-a,Moon,3814,Eta Cassiopeia,2,6,0025E055,ATMO_CassiopeiaII-a,Starfield.esm,2,1,000083EC,ResInorgCommonWater_L,Water,Starfield.esm,0025E055,ATMO_CassiopeiaII-a,Starfield.esm,0
Starfield.esm,2026-09-02 23:00:21,0005E4E6,CassiopeiaIPlanetData,Cassiopeia I,Planet,3814,Eta Cassiopeia,0,1,000096DC,ATMO_CassiopeiaI,Starfield.esm,1,0,000083EC,ResInorgCommonWater_L,Water,Starfield.esm,0020CDD3,AtmoDefaultMedium,Starfield.esm,2
Starfield.esm,2026-09-02 23:00:21,0005E4CF,ZosmaV-aPlanetData,Zosma V-a,Moon,54712,Zosma,5,12,0000D4B4,ATMO_ZosmaV-a,Starfield.esm,2,0,000057C9,ResInorgUncommonAlkanes_G,Alkanes,Starfield.esm,0000D4B4,ATMO_ZosmaV-a,Starfield.esm,0
Starfield.esm,2026-09-02 23:00:21,0005E4CF,ZosmaV-aPlanetData,Zosma V-a,Moon,54712,Zosma,5,12,0000D4B4,ATMO_ZosmaV-a,Starfield.esm,2,1,000083EC,ResInorgCommonWater_L,Water,Starfield.esm,0000D4B4,ATMO_ZosmaV-a,Starfield.esm,0
Starfield.esm,2026-09-02 23:00:21,0005E4C9,ZosmaIII-aPlanetData,Zosma III-a,Moon,54712,Zosma,3,8,000096E5,ATMO_ZosmaIII-a,Starfield.esm,1,0,000057F5,ResInorgCommonHelium3_G,Helium-3,Starfield.esm,000096E5,ATMO_ZosmaIII-a,Starfield.esm,0
Starfield.esm,2026-09-02 23:00:21,0005E4C7,ZosmaIIPlanetData,Zosma II,Planet,54712,Zosma,0,2,000096E4,ATMO_ZosmaII,Starfield.esm,1,0,000083EC,ResInorgCommonWater_L,Water,Starfield.esm,0020CDD3,AtmoDefaultMedium,Starfield.esm,2
Starfield.esm,2026-09-02 23:00:21,0005E4C6,ZosmaI-aPlanetData,Zosma I-a,Moon,54712,Zosma,1,7,000096E3,ATMO_ZosmaI-a,Starfield.esm,1,0,000083EC,ResInorgCommonWater_L,Water,Starfield.esm,0020CDD3,AtmoDefaultMedium,Starfield.esm,2
Starfield.esm,2026-09-02 23:00:21,0005E4C1,UrsaMajorIIPlanetData,Ursa Major II,Planet,118742,Ursae Majoris,0,2,000096E8,ATMO_UrsaMajorII,Starfield.esm,1,0,000083EC,ResInorgCommonWater_L,Water,Starfield.esm,0020CDD3,AtmoDefaultMedium,Starfield.esm,2
Starfield.esm,2026-09-02 23:00:21,0005E4BA,UrsaMinorIIIPlanetData,Ursa Minor III,Planet,119222,Ursae Minoris,0,23,000096EB,ATMO_UrsaMinorIII,Starfield.esm,1,0,000083EC,ResInorgCommonWater_L,Water,Starfield.esm,0020CDD3,AtmoDefaultMedium,Starfield.esm,2
Starfield.esm,2026-09-02 23:00:21,0005E4B8,UrsaMinorIIPlanetData,Ursa Minor II,Planet,119222,Ursae Minoris,0,21,000096EA,ATMO_UrsaMinorII,Starfield.esm,1,0,000083EC,ResInorgCommonWater_L,Water,Starfield.esm,0020CDD3,AtmoDefaultMedium,Starfield.esm,2
Starfield.esm,2026-09-02 23:00:21,0005E49A,KumasiIIIPlanetData,Kumasi III,Planet,56828,Kumasi,0,3,000096EE,ATMO_KumasiIII,Starfield.esm,1,0,000083EC,ResInorgCommonWater_L,Water,Starfield.esm,0020CDD3,AtmoDefaultMedium,Starfield.esm,2
Starfield.esm,2026-09-02 23:00:21,0005E498,KumasiIIPlanetData,Kumasi II,Planet,56828,Kumasi,0,2,000096ED,ATMO_KumasiII,Starfield.esm,1,0,000083EC,ResInorgCommonWater_L,Water,Starfield.esm,0020CDD3,AtmoDefaultMedium,Starfield.esm,2
Starfield.esm,2026-09-02 23:00:21,0005E496,KumasiIPlanetData,Kumasi I,Planet,56828,Kumasi,0,1,000096EC,ATMO_KumasiI,Starfield.esm,1,0,000083EC,ResInorgCommonWater_L,Water,Starfield.esm,0020CDD3,AtmoDefaultMedium,Starfield.esm,2
Starfield.esm,2026-09-02 23:00:21,0005E48D,TirnaVIII-dPlanetData,Tirna VIII-d,Moon,57270,Alpha Tirna,8,28,000096FA,ATMO_TirnaVIII-d,Starfield.esm,1,0,000083EC,ResInorgCommonWater_L,Water,Starfield.esm,0020CDD3,AtmoDefaultMedium,Starfield.esm,2
Starfield.esm,2026-09-02 23:00:21,0005E48A,TirnaVIII-cPlanetData,Tirna VIII-c,Moon,57270,Alpha Tirna,8,25,000096F8,ATMO_TirnaVIII-c,Starfield.esm,1,0,000083EC,ResInorgCommonWater_L,Water,Starfield.esm,0020CDD3,AtmoDefaultMedium,Starfield.esm,2
Starfield.esm,2026-09-02 23:00:21,0005E47E,TirnaVPlanetData,Tirna V,Planet,57270,Alpha Tirna,0,5,000096F6,ATMO_TirnaV,Starfield.esm,1,0,000083EC,ResInorgCommonWater_L,Water,Starfield.esm,0020CDD3,AtmoDefaultMedium,Starfield.esm,2
Starfield.esm,2026-09-02 23:00:21,0005E478,TirnaIIIPlanetData,Tirna III,Planet,57270,Alpha Tirna,0,3,0000D4B5,ATMO_TirnaIII,Starfield.esm,1,0,000057D0,ResInorgUncommonFluorine_G,Fluorine,Starfield.esm,0000D4B5,ATMO_TirnaIII,Starfield.esm,0
Starfield.esm,2026-09-02 23:00:21,0005E476,TirnaIIPlanetData,Tirna II,Planet,57270,Alpha Tirna,0,2,000096F4,ATMO_TirnaII,Starfield.esm,1,0,000083EC,ResInorgCommonWater_L,Water,Starfield.esm,0020CDD3,AtmoDefaultMedium,Starfield.esm,2
Starfield.esm,2026-09-02 23:00:21,0005E46E,DenebolaIII-aPlanetData,Denebola III-a,Moon,57459,Denebola,3,8,0000D4B6,ATMO_DenebolaIII-a,Starfield.esm,1,0,000057D5,ResInorgCommonChlorine_G,Chlorine,Starfield.esm,0000D4B6,ATMO_DenebolaIII-a,Starfield.esm,0
Starfield.esm,2026-09-02 23:00:21,0005E46A,DenebolaI-bPlanetData,Denebola I-b,Moon,57459,Denebola,1,6,0025E053,ATMO_DenebolaI-b,Starfield.esm,2,0,000057F5,ResInorgCommonHelium3_G,Helium-3,Starfield.esm,0025E053,ATMO_DenebolaI-b,Starfield.esm,0
Starfield.esm,2026-09-02 23:00:21,0005E46A,DenebolaI-bPlanetData,Denebola I-b,Moon,57459,Denebola,1,6,0025E053,ATMO_DenebolaI-b,Starfield.esm,2,1,000083EC,ResInorgCommonWater_L,Water,Starfield.esm,0025E053,ATMO_DenebolaI-b,Starfield.esm,0
Starfield.esm,2026-09-02 23:00:21,0005E462,LantanaIX-ePlanetData,Lantana IX-e,Moon,57584,Lantana,9,19,00009954,ATMO_LantanaIX-e,Starfield.esm,1,0,000083EC,ResInorgCommonWater_L,Water,Starfield.esm,0020CDD3,AtmoDefaultMedium,Starfield.esm,2
Starfield.esm,2026-09-02 23:00:21,0005E45F,LantanaVIII-bPlanetData,Lantana VIII-b,Moon,57584,Lantana,8,17,00009953,ATMO_LantanaVIII-b,Starfield.esm,1,0,000083EC,ResInorgCommonWater_L,Water,Starfield.esm,0020CDD3,AtmoDefaultMedium,Starfield.esm,2
Starfield.esm,2026-09-02 23:00:21,0005E45C,LantanaVIII-dPlanetData,Lantana VIII-d,Moon,57584,Lantana,8,15,00009952,ATMO_LantanaVIII-d,Starfield.esm,1,0,000057F5,ResInorgCommonHelium3_G,Helium-3,Starfield.esm,00009952,ATMO_LantanaVIII-d,Starfield.esm,0
Starfield.esm,2026-09-02 23:00:21,0005E459,LantanaVIIPlanetData,Lantana VII,Planet,57584,Lantana,0,7,00009950,ATMO_LantanaVII,Starfield.esm,1,0,000057F5,ResInorgCommonHelium3_G,Helium-3,Starfield.esm,00009950,ATMO_LantanaVII,Starfield.esm,0
Starfield.esm,2026-09-02 23:00:21,0005E458,LantanaVIPlanetData,Lantana VI,Planet,57584,Lantana,0,6,0000994F,ATMO_LantanaVI,Starfield.esm,1,0,000083EC,ResInorgCommonWater_L,Water,Starfield.esm,0020CDD3,AtmoDefaultMedium,Starfield.esm,2
Starfield.esm,2026-09-02 23:00:21,0005E454,LantanaIVPlanetData,Lantana IV,Planet,57584,Lantana,0,4,0000994E,ATMO_LantanaIV,Starfield.esm,1,0,000083EC,ResInorgCommonWater_L,Water,Starfield.esm,0020CDD3,AtmoDefaultMedium,Starfield.esm,2
Starfield.esm,2026-09-02 23:00:21,0005E452,LantanaIIIPlanetData,Lantana III,Planet,57584,Lantana,0,3,00009704,ATMO_LantanaIII,Starfield.esm,1,0,000083EC,ResInorgCommonWater_L,Water,Starfield.esm,0020CDD3,AtmoDefaultMedium,Starfield.esm,2
Starfield.esm,2026-09-02 23:00:21,0005E44D,GroombridgeVIII-cPlanetData,Groombridge VIII-c,Moon,57767,Groombridge,8,26,0000995C,ATMO_GroombridgeVIII-c,Starfield.esm,1,0,000083EC,ResInorgCommonWater_L,Water,Starfield.esm,0020CDD4,AtmoDefaultDense,Starfield.esm,2
Starfield.esm,2026-09-02 23:00:21,0005E44C,GroombridgeVIII-dPlanetData,Groombridge VIII-d,Moon,57767,Groombridge,8,25,0000995B,ATMO_GroombridgeVIII-d,Starfield.esm,1,0,000083EC,ResInorgCommonWater_L,Water,Starfield.esm,0020CDD3,AtmoDefaultMedium,Starfield.esm,2
Starfield.esm,2026-09-02 23:00:21,0005E44B,GroombridgeVIII-aPlanetData,Groombridge VIII-a,Moon,57767,Groombridge,8,24,0000995A,ATMO_GroombridgeVIII-a,Starfield.esm,1,0,000083EC,ResInorgCommonWater_L,Water,Starfield.esm,0020CDD3,AtmoDefaultMedium,Starfield.esm,2
Starfield.esm,2026-09-02 23:00:21,0005E42D,NirvanaIIPlanetData,Nirvana II,Planet,58401,Nirvana,0,2,0000995E,ATMO_NirvanaII,Starfield.esm,1,0,000083EC,ResInorgCommonWater_L,Water,Starfield.esm,0020CDD3,AtmoDefaultMedium,Starfield.esm,2
Starfield.esm,2026-09-02 23:00:21,0005E428,AlchibaX-bPlanetData,Alchiba X-b,Moon,59020,Alchiba,10,25,0000D4B7,ATMO_AlchibaX-b,Starfield.esm,2,0,000057E7,ResInorgUncommonBenzene_G,Benzene,Starfield.esm,0000D4B7,ATMO_AlchibaX-b,Starfield.esm,0
Starfield.esm,2026-09-02 23:00:21,0005E428,AlchibaX-bPlanetData,Alchiba X-b,Moon,59020,Alchiba,10,25,0000D4B7,ATMO_AlchibaX-b,Starfield.esm,2,1,000083EC,ResInorgCommonWater_L,Water,Starfield.esm,0000D4B7,ATMO_AlchibaX-b,Starfield.esm,0
Starfield.esm,2026-09-02 23:00:21,0005E421,AlchibaVII-bPlanetData,Alchiba VII-b,Moon,59020,Alchiba,7,23,00009965,ATMO_AlchibaVII-b,Starfield.esm,1,0,000083EC,ResInorgCommonWater_L,Water,Starfield.esm,0020CDD3,AtmoDefaultMedium,Starfield.esm,2
Starfield.esm,2026-09-02 23:00:21,0005E415,AlchibaIVPlanetData,Alchiba IV,Planet,59020,Alchiba,0,4,00009962,ATMO_AlchibaIV,Starfield.esm,1,0,000083EC,ResInorgCommonWater_L,Water,Starfield.esm,0020CDD3,AtmoDefaultMedium,Starfield.esm,2
Starfield.esm,2026-09-02 23:00:21,0005E3FF,MardukIVPlanetData,Marduk IV,Planet,60805,Marduk,0,4,00009968,ATMO_MardukIV,Starfield.esm,1,0,000083EC,ResInorgCommonWater_L,Water,Starfield.esm,0020CDD3,AtmoDefaultMedium,Starfield.esm,2
Starfield.esm,2026-09-02 23:00:21,0005E3FD,MardukIIIPlanetData,Marduk III,Planet,60805,Marduk,0,3,0000D4B8,ATMO_MardukIII,Starfield.esm,1,0,000057D5,ResInorgCommonChlorine_G,Chlorine,Starfield.esm,0000D4B8,ATMO_MardukIII,Starfield.esm,0
Starfield.esm,2026-09-02 23:00:21,0005E3FA,MardukIPlanetData,Marduk I,Planet,60805,Marduk,0,1,00009966,ATMO_MardukI,Starfield.esm,1,0,000083EC,ResInorgCommonWater_L,Water,Starfield.esm,0020CDD3,AtmoDefaultMedium,Starfield.esm,2
Starfield.esm,2026-09-02 23:00:21,0005E3F0,PorrimaIV-dPlanetData,Porrima IV-d,Moon,61748,Porrima,4,18,00009970,ATMO_PorrimaIV-d,Starfield.esm,1,0,000083EC,ResInorgCommonWater_L,Water,Starfield.esm,0020CDD3,AtmoDefaultMedium,Starfield.esm,2
Starfield.esm,2026-09-02 23:00:21,0005E3EF,PorrimaIV-cPlanetData,Porrima IV-c,Moon,61748,Porrima,4,17,0000996F,ATMO_PorrimaIV-c,Starfield.esm,1,0,000083EC,ResInorgCommonWater_L,Water,Starfield.esm,0020CDD3,AtmoDefaultMedium,Starfield.esm,2
Starfield.esm,2026-09-02 23:00:21,0005E3EA,PorrimaIIIPlanetData,Porrima III,Planet,61748,Porrima,0,3,0000996E,ATMO_PorrimaIII,Starfield.esm,1,0,000083EC,ResInorgCommonWater_L,Water,Starfield.esm,0020CDD4,AtmoDefaultDense,Starfield.esm,2
Starfield.esm,2026-09-02 23:00:21,0005E3E7,PorrimaII-cPlanetData,Porrima II-c,Moon,61748,Porrima,2,10,0000996C,ATMO_PorrimaII-c,Starfield.esm,1,0,000083EC,ResInorgCommonWater_L,Water,Starfield.esm,0020CDD3,AtmoDefaultMedium,Starfield.esm,2
Starfield.esm,2026-09-02 23:00:21,0005E3E6,PorrimaIIPlanetData,Porrima II,Planet,61748,Porrima,0,2,0000996B,ATMO_PorrimaII,Starfield.esm,1,0,000083EC,ResInorgCommonWater_L,Water,Starfield.esm,0020CDD3,AtmoDefaultMedium,Starfield.esm,2
Starfield.esm,2026-09-02 23:00:21,0005E3DE,IxyllIX-dPlanetData,Ixyll IX-d,Moon,62328,Ixyll,9,25,00009A9F,ATMO_IxyllIX-d,Starfield.esm,1,0,000083EC,ResInorgCommonWater_L,Water,Starfield.esm,0020CDD3,AtmoDefaultMedium,Starfield.esm,2
Starfield.esm,2026-09-02 23:00:21,0005E3D1,IxyllVI-ePlanetData,Ixyll VI-e,Moon,62328,Ixyll,6,15,00009A87,ATMO_IxyllVI-e,Starfield.esm,1,0,000083EC,ResInorgCommonWater_L,Water,Starfield.esm,0020CDD3,AtmoDefaultMedium,Starfield.esm,2
Starfield.esm,2026-09-02 23:00:21,0005E3CB,IxyllIII-bPlanetData,Ixyll III-b,Moon,62328,Ixyll,3,12,00009974,ATMO_IxyllIII-b,Starfield.esm,1,0,000083EC,ResInorgCommonWater_L,Water,Starfield.esm,0020CDD3,AtmoDefaultMedium,Starfield.esm,2
Starfield.esm,2026-09-02 23:00:21,0005E3C8,IxyllIIPlanetData,Ixyll II,Planet,62328,Ixyll,0,2,0000D4B9,ATMO_IxyllII,Starfield.esm,2,0,000057C9,ResInorgUncommonAlkanes_G,Alkanes,Starfield.esm,0000D4B9,ATMO_IxyllII,Starfield.esm,0
Starfield.esm,2026-09-02 23:00:21,0005E3C8,IxyllIIPlanetData,Ixyll II,Planet,62328,Ixyll,0,2,0000D4B9,ATMO_IxyllII,Starfield.esm,2,1,000083EC,ResInorgCommonWater_L,Water,Starfield.esm,0000D4B9,ATMO_IxyllII,Starfield.esm,0
Starfield.esm,2026-09-02 23:00:21,0005E3BE,RutherfordV-bPlanetData,Rutherford V-b,Moon,64587,Rutherford,5,17,0000D4BB,ATMO_RutherfordV-b,Starfield.esm,1,0,000057D5,ResInorgCommonChlorine_G,Chlorine,Starfield.esm,0000D4BB,ATMO_RutherfordV-b,Starfield.esm,0
Starfield.esm,2026-09-02 23:00:21,0005E3B5,RutherfordIIIPlanetData,Rutherford III,Planet,64587,Rutherford,0,3,00009CBE,ATMO_RutherfordIII,Starfield.esm,1,0,000083EC,ResInorgCommonWater_L,Water,Starfield.esm,0020CDD3,AtmoDefaultMedium,Starfield.esm,2
Starfield.esm,2026-09-02 23:00:21,0005E3B3,RutherfordIIPlanetData,Rutherford II,Planet,64587,Rutherford,0,2,0000D4BA,ATMO_RutherfordII,Starfield.esm,1,0,000057D5,ResInorgCommonChlorine_G,Chlorine,Starfield.esm,0000D4BA,ATMO_RutherfordII,Starfield.esm,0
Starfield.esm,2026-09-02 23:00:21,0005E3A6,VoliiEpsilonPlanetData,Volii Epsilon,Planet,64720,Volii,0,3,00009CCB,ATMO_VoliiEpsilon,Starfield.esm,1,0,000083EC,ResInorgCommonWater_L,Water,Starfield.esm,0020CDD3,AtmoDefaultMedium,Starfield.esm,2
Starfield.esm,2026-09-02 23:00:21,0005E3A5,VoliiAlphaPlanetData,Volii Alpha,Planet,64720,Volii,0,2,0000D4BC,ATMO_VoliiAlpha,Starfield.esm,2,0,000057E7,ResInorgUncommonBenzene_G,Benzene,Starfield.esm,0000D4BC,ATMO_VoliiAlpha,Starfield.esm,0
Starfield.esm,2026-09-02 23:00:21,0005E3A5,VoliiAlphaPlanetData,Volii Alpha,Planet,64720,Volii,0,2,0000D4BC,ATMO_VoliiAlpha,Starfield.esm,2,1,000083EC,ResInorgCommonWater_L,Water,Starfield.esm,0000D4BC,ATMO_VoliiAlpha,Starfield.esm,0
Starfield.esm,2026-09-02 23:00:21,0005E39F,BaraVII-dPlanetData,Bara VII-d,Moon,65515,Bara,7,17,00009CD1,ATMO_BaraVII-d,Starfield.esm,1,0,000083EC,ResInorgCommonWater_L,Water,Starfield.esm,0020CDD3,AtmoDefaultMedium,Starfield.esm,2
Starfield.esm,2026-09-02 23:00:21,0005E393,BaraIIIPlanetData,Bara III,Planet,65515,Bara,0,3,00009CCF,ATMO_BaraIII,Starfield.esm,1,0,000083EC,ResInorgCommonWater_L,Water,Starfield.esm,0020CDD3,AtmoDefaultMedium,Starfield.esm,2
Starfield.esm,2026-09-02 23:00:21,0005E38A,ShozaVIII-bPlanetData,Shoza VIII-b,Moon,67063,Shoza,8,19,00009D54,ATMO_ShozaVIII-b,Starfield.esm,1,0,000083EC,ResInorgCommonWater_L,Water,Starfield.esm,0020CDD3,AtmoDefaultMedium,Starfield.esm,2
Starfield.esm,2026-09-02 23:00:21,0005E389,ShozaVIII-dPlanetData,Shoza VIII-d,Moon,67063,Shoza,8,18,00009D53,ATMO_ShozaVIII-d,Starfield.esm,1,0,000083EC,ResInorgCommonWater_L,Water,Starfield.esm,0020CDD3,AtmoDefaultMedium,Starfield.esm,2
Starfield.esm,2026-09-02 23:00:21,0005E387,ShozaVII-aPlanetData,Shoza VII-a,Moon,67063,Shoza,7,17,00009D52,ATMO_ShozaVII-a,Starfield.esm,1,0,000083EC,ResInorgCommonWater_L,Water,Starfield.esm,0020CDD3,AtmoDefaultMedium,Starfield.esm,2
Starfield.esm,2026-09-02 23:00:21,0005E385,ShozaVII-cPlanetData,Shoza VII-c,Moon,67063,Shoza,7,15,00009D50,ATMO_ShozaVII-c,Starfield.esm,1,0,000083EC,ResInorgCommonWater_L,Water,Starfield.esm,0020CDD3,AtmoDefaultMedium,Starfield.esm,2
Starfield.esm,2026-09-02 23:00:21,0005E380,ShozaIVPlanetData,Shoza IV,Planet,67063,Shoza,0,4,00009D49,ATMO_ShozaIV,Starfield.esm,1,0,000083EC,ResInorgCommonWater_L,Water,Starfield.esm,0020CDD3,AtmoDefaultMedium,Starfield.esm,2
Starfield.esm,2026-09-02 23:00:21,0005E37E,ShozaIIIPlanetData,Shoza III,Planet,67063,Shoza,0,3,0020A8B7,ATMO_ShozaIII,Starfield.esm,1,0,000083EC,ResInorgCommonWater_L,Water,Starfield.esm,0020CDD3,AtmoDefaultMedium,Starfield.esm,2
Starfield.esm,2026-09-02 23:00:21,0005E37D,ShozaII-aPlanetData,Shoza II-a,Moon,67063,Shoza,2,12,00009D3B,ATMO_ShozaII-a,Starfield.esm,1,0,000083EC,ResInorgCommonWater_L,Water,Starfield.esm,0020CDD3,AtmoDefaultMedium,Starfield.esm,2
Starfield.esm,2026-09-02 23:00:21,0005E37C,ShozaIIPlanetData,Shoza II,Planet,67063,Shoza,0,2,00009D33,ATMO_ShozaII,Starfield.esm,1,0,000083EC,ResInorgCommonWater_L,Water,Starfield.esm,0020CDD3,AtmoDefaultMedium,Starfield.esm,2
Starfield.esm,2026-09-02 23:00:21,0005E37A,ShozaIPlanetData,Shoza I,Planet,67063,Shoza,0,1,00009D2F,ATMO_ShozaI,Starfield.esm,1,0,000083EC,ResInorgCommonWater_L,Water,Starfield.esm,0020CDD3,AtmoDefaultMedium,Starfield.esm,2
Starfield.esm,2026-09-02 23:00:21,0005E374,MuphridVIII-cPlanetData,Muphrid VIII-c,Moon,67711,Muphrid,8,27,00009D6B,ATMO_MuphridVIII-c,Starfield.esm,1,0,000083EC,ResInorgCommonWater_L,Water,Starfield.esm,0020CDD3,AtmoDefaultMedium,Starfield.esm,2
Starfield.esm,2026-09-02 23:00:21,0005E36B,MuphridVI-bPlanetData,Muphrid VI-b,Moon,67711,Muphrid,6,20,0000D4BD,ATMO_MuphridVI-b,Starfield.esm,1,0,000057D5,ResInorgCommonChlorine_G,Chlorine,Starfield.esm,0000D4BD,ATMO_MuphridVI-b,Starfield.esm,0
Starfield.esm,2026-09-02 23:00:21,0005E369,MuphridV-bPlanetData,Muphrid V-b,Moon,67711,Muphrid,5,19,00009D69,ATMO_MuphridV-b,Starfield.esm,1,0,000083EC,ResInorgCommonWater_L,Water,Starfield.esm,0020CDD3,AtmoDefaultMedium,Starfield.esm,2
Starfield.esm,2026-09-02 23:00:21,0005E364,MuphridIVPlanetData,Muphrid IV,Planet,67711,Muphrid,0,4,00009D67,ATMO_MuphridIV,Starfield.esm,1,0,000083EC,ResInorgCommonWater_L,Water,Starfield.esm,0020CDD3,AtmoDefaultMedium,Starfield.esm,2
Starfield.esm,2026-09-02 23:00:21,0005E35E,MuphridIIPlanetData,Muphrid II,Planet,67711,Muphrid,0,2,00009D65,ATMO_MuphridII,Starfield.esm,1,0,000083EC,ResInorgCommonWater_L,Water,Starfield.esm,0020CDD3,AtmoDefaultMedium,Starfield.esm,2
Starfield.esm,2026-09-02 23:00:21,0005E34E,MolochIIIPlanetData,Moloch III,Planet,68463,Moloch,0,3,00009D61,ATMO_MolochIII,Starfield.esm,1,0,000083EC,ResInorgCommonWater_L,Water,Starfield.esm,0020CDD3,AtmoDefaultMedium,Starfield.esm,2
Starfield.esm,2026-09-02 23:00:21,0005E34D,MolochIIPlanetData,Moloch II,Planet,68463,Moloch,0,2,00009D60,ATMO_MolochII,Starfield.esm,1,0,000083EC,ResInorgCommonWater_L,Water,Starfield.esm,0020CDD3,AtmoDefaultMedium,Starfield.esm,2
Starfield.esm,2026-09-02 23:00:21,0005E34B,MolochIPlanetData,Moloch I,Planet,68463,Moloch,0,1,00009D5F,ATMO_MolochI,Starfield.esm,1,0,000083EC,ResInorgCommonWater_L,Water,Starfield.esm,0020CDD3,AtmoDefaultMedium,Starfield.esm,2
Starfield.esm,2026-09-02 23:00:21,0005E347,AlphaAndrasteVPlanetData,Alpha Andraste V,Planet,5325,Alpha Andraste,0,5,00009D71,ATMO_AlphaAndrasteV,Starfield.esm,1,0,000083EC,ResInorgCommonWater_L,Water,Starfield.esm,0020CDD3,AtmoDefaultMedium,Starfield.esm,2
Starfield.esm,2026-09-02 23:00:21,0005E345,AlphaAndrasteIIIPlanetData,Alpha Andraste III,Planet,5325,Alpha Andraste,0,3,00009D6F,ATMO_AlphaAndrasteIII,Starfield.esm,1,0,000083EC,ResInorgCommonWater_L,Water,Starfield.esm,0020CDD3,AtmoDefaultMedium,Starfield.esm,2
Starfield.esm,2026-09-02 23:00:21,0005E340,BetaAndrasteI-aPlanetData,Beta Andraste I-a,Moon,119221,Beta Andraste,16,20,00009D72,ATMO_BetaAndrasteI-a,Starfield.esm,1,0,000057F5,ResInorgCommonHelium3_G,Helium-3,Starfield.esm,00009D72,ATMO_BetaAndrasteI-a,Starfield.esm,0
Starfield.esm,2026-09-02 23:00:21,0005E337,ArcturusIIPlanetData,Arcturus II,Planet,69451,Arcturus,0,2,00009D74,ATMO_ArcturusII,Starfield.esm,1,0,000083EC,ResInorgCommonWater_L,Water,Starfield.esm,0020CDD3,AtmoDefaultMedium,Starfield.esm,2
Starfield.esm,2026-09-02 23:00:21,0005E336,ArcturusIPlanetData,Arcturus I,Planet,69451,Arcturus,0,1,00009D73,ATMO_ArcturusI,Starfield.esm,1,0,000057F5,ResInorgCommonHelium3_G,Helium-3,Starfield.esm,00009D73,ATMO_ArcturusI,Starfield.esm,0
Starfield.esm,2026-09-02 23:00:21,0005E32D,HylaVIII-dPlanetData,Hyla VIII-d,Moon,70096,Hyla,8,20,0000C00A,ATMO_HylaVIII-d,Starfield.esm,1,0,000083EC,ResInorgCommonWater_L,Water,Starfield.esm,0020CDD3,AtmoDefaultMedium,Starfield.esm,2
Starfield.esm,2026-09-02 23:00:21,0005E325,HylaV-aPlanetData,Hyla V-a,Moon,70096,Hyla,5,12,0000D4BF,ATMO_HylaV-a,Starfield.esm,1,0,000057D5,ResInorgCommonChlorine_G,Chlorine,Starfield.esm,0000D4BF,ATMO_HylaV-a,Starfield.esm,0
Starfield.esm,2026-09-02 23:00:21,0005E31D,HylaIIPlanetData,Hyla II,Planet,70096,Hyla,0,2,0000D4BE,ATMO_HylaII,Starfield.esm,2,0,000057D0,ResInorgUncommonFluorine_G,Fluorine,Starfield.esm,0000D4BE,ATMO_HylaII,Starfield.esm,0
Starfield.esm,2026-09-02 23:00:21,0005E31D,HylaIIPlanetData,Hyla II,Planet,70096,Hyla,0,2,0000D4BE,ATMO_HylaII,Starfield.esm,2,1,000083EC,ResInorgCommonWater_L,Water,Starfield.esm,0000D4BE,ATMO_HylaII,Starfield.esm,0
Starfield.esm,2026-09-02 23:00:21,0005E31B,HylaIPlanetData,Hyla I,Planet,70096,Hyla,0,1,0000BD0C,ATMO_HylaI,Starfield.esm,1,0,000083EC,ResInorgCommonWater_L,Water,Starfield.esm,0020CDD3,AtmoDefaultMedium,Starfield.esm,2
Starfield.esm,2026-09-02 23:00:21,0005E317,HawleyPlanetData,Hawley,Moon,71456,Alpha Centauri,4,12,0000C014,ATMO_Hawley,Starfield.esm,1,0,000083EC,ResInorgCommonWater_L,Water,Starfield.esm,0020CDD3,AtmoDefaultMedium,Starfield.esm,2
Starfield.esm,2026-09-02 23:00:21,0005E316,VossPlanetData,Voss,Moon,71456,Alpha Centauri,4,11,0000C013,ATMO_Voss,Starfield.esm,1,0,000083EC,ResInorgCommonWater_L,Water,Starfield.esm,0020CDD3,AtmoDefaultMedium,Starfield.esm,2
Starfield.esm,2026-09-02 23:00:21,0005E314,ZamkaPlanetData,Zamka,Moon,71456,Alpha Centauri,4,9,0000C011,ATMO_Zamka,Starfield.esm,1,0,000083EC,ResInorgCommonWater_L,Water,Starfield.esm,0020CDD3,AtmoDefaultMedium,Starfield.esm,2
Starfield.esm,2026-09-02 23:00:21,0005E311,GagarinPlanetData,Gagarin,Planet,71456,Alpha Centauri,0,2,0000C00C,ATMO_Gagarin,Starfield.esm,1,0,000083EC,ResInorgCommonWater_L,Water,Starfield.esm,0020CDD3,AtmoDefaultMedium,Starfield.esm,2
Starfield.esm,2026-09-02 23:00:21,0005E2E2,FreyaVPlanetData,Freya V,Planet,72341,Freya,0,5,0000D4C1,ATMO_FreyaV,Starfield.esm,1,0,000057D5,ResInorgCommonChlorine_G,Chlorine,Starfield.esm,0000D4C1,ATMO_FreyaV,Starfield.esm,0
Starfield.esm,2026-09-02 23:00:21,0005E2DD,FreyaIIIPlanetData,Freya III,Planet,72341,Freya,0,3,0000D20E,ATMO_HuygensIII,Starfield.esm,1,0,000083EC,ResInorgCommonWater_L,Water,Starfield.esm,0020CDD3,AtmoDefaultMedium,Starfield.esm,2
Starfield.esm,2026-09-02 23:00:21,0005E2C4,MontaraLunaPlanetData,Montara Luna,Moon,72432,Cheyenne,5,18,0000C031,ATMO_MontaraLuna,Starfield.esm,1,0,000083EC,ResInorgCommonWater_L,Water,Starfield.esm,0020CDD3,AtmoDefaultMedium,Starfield.esm,2
Starfield.esm,2026-09-02 23:00:21,0005E2B9,CodosPlanetData,Codos,Moon,72432,Cheyenne,2,14,0000C02F,ATMO_Codos,Starfield.esm,1,0,000083EC,ResInorgCommonWater_L,Water,Starfield.esm,0020CDD3,AtmoDefaultMedium,Starfield.esm,2
Starfield.esm,2026-09-02 23:00:21,0005E2B6,AkilaPlanetData,Akila,Planet,72432,Cheyenne,0,2,0000C02E,ATMO_Akila,Starfield.esm,1,0,000083EC,ResInorgCommonWater_L,Water,Starfield.esm,0020CDD3,AtmoDefaultMedium,Starfield.esm,2
Starfield.esm,2026-09-02 23:00:21,0005E2B5,SkinkPlanetData,Skink,Planet,72432,Cheyenne,0,1,0000C02D,ATMO_Skink,Starfield.esm,1,0,000083EC,ResInorgCommonWater_L,Water,Starfield.esm,0020CDD3,AtmoDefaultMedium,Starfield.esm,2
Starfield.esm,2026-09-02 23:00:21,0005E2A9,MaheoIV-cPlanetData,Maheo IV-c,Moon,118988,Maheo,4,13,0000C03E,ATMO_MaheoIV-c,Starfield.esm,1,0,000083EC,ResInorgCommonWater_L,Water,Starfield.esm,0020CDD3,AtmoDefaultMedium,Starfield.esm,2
Starfield.esm,2026-09-02 23:00:21,0005E2A3,MaheoIPlanetData,Maheo I,Planet,118988,Maheo,0,1,0000C03C,ATMO_MaheoI,Starfield.esm,1,0,000083EC,ResInorgCommonWater_L,Water,Starfield.esm,0020CDD3,AtmoDefaultMedium,Starfield.esm,2
Starfield.esm,2026-09-02 23:00:21,0005E29D,DionysusPlanetData,Dionysus,Moon,72957,Olympus,6,11,0000D4C2,ATMO_Dionysus,Starfield.esm,2,0,000057E7,ResInorgUncommonBenzene_G,Benzene,Starfield.esm,0000D4C2,ATMO_Dionysus,Starfield.esm,0
Starfield.esm,2026-09-02 23:00:21,0005E29D,DionysusPlanetData,Dionysus,Moon,72957,Olympus,6,11,0000D4C2,ATMO_Dionysus,Starfield.esm,2,1,000083EC,ResInorgCommonWater_L,Water,Starfield.esm,0000D4C2,ATMO_Dionysus,Starfield.esm,0
Starfield.esm,2026-09-02 23:00:21,0005E294,NesoiPlanetData,Nesoi,Planet,72957,Olympus,0,1,0000C03F,ATMO_Nesoi,Starfield.esm,1,0,000083EC,ResInorgCommonWater_L,Water,Starfield.esm,0020CDD3,AtmoDefaultMedium,Starfield.esm,2
Starfield.esm,2026-09-02 23:00:21,0005E284,GammaVulpesIV-aPlanetData,Gamma Vulpes IV-a,Moon,75489,Gamma Vulpes,4,14,0000C056,ATMO_GammaVulpesIV-a,Starfield.esm,1,0,000083EC,ResInorgCommonWater_L,Water,Starfield.esm,0020CDD3,AtmoDefaultMedium,Starfield.esm,2
Starfield.esm,2026-09-02 23:00:21,0005E27B,GammaVulpesII-aPlanetData,Gamma Vulpes II-a,Moon,75489,Gamma Vulpes,2,7,0000C054,ATMO_GammaVulpesII-a,Starfield.esm,1,0,000083EC,ResInorgCommonWater_L,Water,Starfield.esm,0020CDD3,AtmoDefaultMedium,Starfield.esm,2
Starfield.esm,2026-09-02 23:00:21,0005E278,GammaVulpesIPlanetData,Gamma Vulpes I,Planet,75489,Gamma Vulpes,0,1,0000C052,ATMO_GammaVulpesI,Starfield.esm,1,0,000083EC,ResInorgCommonWater_L,Water,Starfield.esm,0020CDD3,AtmoDefaultMedium,Starfield.esm,2
Starfield.esm,2026-09-02 23:00:21,0005E25E,CopernicusVII-aPlanetData,Copernicus VII-a,Moon,76816,Copernicus,7,12,0000C086,ATMO_CopernicusVII-a,Starfield.esm,1,0,000083EC,ResInorgCommonWater_L,Water,Starfield.esm,0020CDD4,AtmoDefaultDense,Starfield.esm,2
Starfield.esm,2026-09-02 23:00:21,0005E259,CopernicusIVPlanetData,Copernicus IV,Planet,76816,Copernicus,0,4,0000C06A,ATMO_CopernicusIV,Starfield.esm,1,0,000083EC,ResInorgCommonWater_L,Water,Starfield.esm,0020CDD3,AtmoDefaultMedium,Starfield.esm,2
Starfield.esm,2026-09-02 23:00:21,0005E257,CopernicusIIIPlanetData,Copernicus III,Planet,76816,Copernicus,0,3,0000C064,ATMO_CopernicusIII,Starfield.esm,1,0,000083EC,ResInorgCommonWater_L,Water,Starfield.esm,0020CDD3,AtmoDefaultMedium,Starfield.esm,2
Starfield.esm,2026-09-02 23:00:21,0005E256,CopernicusIIPlanetData,Copernicus II,Planet,76816,Copernicus,0,2,0000D4C3,ATMO_CopernicusII,Starfield.esm,2,0,000057E7,ResInorgUncommonBenzene_G,Benzene,Starfield.esm,0000D4C3,ATMO_CopernicusII,Starfield.esm,0
Starfield.esm,2026-09-02 23:00:21,0005E256,CopernicusIIPlanetData,Copernicus II,Planet,76816,Copernicus,0,2,0000D4C3,ATMO_CopernicusII,Starfield.esm,2,1,000083EC,ResInorgCommonWater_L,Water,Starfield.esm,0000D4C3,ATMO_CopernicusII,Starfield.esm,0
Starfield.esm,2026-09-02 23:00:21,0005E255,CopernicusIPlanetData,Copernicus I,Planet,76816,Copernicus,0,1,0000C05B,ATMO_CopernicusI,Starfield.esm,1,0,000083EC,ResInorgCommonWater_L,Water,Starfield.esm,0020CDD3,AtmoDefaultMedium,Starfield.esm,2
Starfield.esm,2026-09-02 23:00:21,0005E251,CopernicusMinorI-bPlanetData,Copernicus Minor I-b,Moon,119039,Copernicus Minor,1,3,0000C089,ATMO_CopernicusMinorI-b,Starfield.esm,1,0,000083EC,ResInorgCommonWater_L,Water,Starfield.esm,0020CDD3,AtmoDefaultMedium,Starfield.esm,2
Starfield.esm,2026-09-02 23:00:21,0005E244,SerpentisIVPlanetData,Serpentis IV,Planet,76835,Serpentis,0,4,0000C0B5,ATMO_Varuunkai,Starfield.esm,1,0,000083EC,ResInorgCommonWater_L,Water,Starfield.esm,0020CDD3,AtmoDefaultMedium,Starfield.esm,2
Starfield.esm,2026-09-02 23:00:21,0005E243,SerpentisIIIPlanetData,Serpentis III,Planet,76835,Serpentis,0,3,0000C0B4,ATMO_Nvaar,Starfield.esm,1,0,000083EC,ResInorgCommonWater_L,Water,Starfield.esm,0020CDD3,AtmoDefaultMedium,Starfield.esm,2
Starfield.esm,2026-09-02 23:00:21,0005E240,SerpentisIIPlanetData,Serpentis II,Planet,76835,Serpentis,0,2,003029FC,ATMO_SerpentisII,Starfield.esm,1,0,000083EC,ResInorgCommonWater_L,Water,Starfield.esm,0020CDD3,AtmoDefaultMedium,Starfield.esm,2
Starfield.esm,2026-09-02 23:00:21,0005E23C,MAXPlanetData,Max,Moon,77022,Kryx,1,9,0000C0BC,ATMO_Max,Starfield.esm,1,0,000083EC,ResInorgCommonWater_L,Water,Starfield.esm,0020CDD3,AtmoDefaultMedium,Starfield.esm,2
Starfield.esm,2026-09-02 23:00:21,0005E22C,SpartaVII-aPlanetData,Sparta VII-a,Moon,79252,Sparta,7,17,0000C106,ATMO_SpartaVII-a,Starfield.esm,1,0,000083EC,ResInorgCommonWater_L,Water,Starfield.esm,0020CDD3,AtmoDefaultMedium,Starfield.esm,2
Starfield.esm,2026-09-02 23:00:21,0005E225,SpartaVPlanetData,Sparta V,Planet,79252,Sparta,0,5,0000C0C3,ATMO_SpartaV,Starfield.esm,1,0,000083EC,ResInorgCommonWater_L,Water,Starfield.esm,0020CDD3,AtmoDefaultMedium,Starfield.esm,2
Starfield.esm,2026-09-02 23:00:21,0005E224,SpartaIVPlanetData,Sparta IV,Planet,79252,Sparta,0,4,0000D4C4,ATMO_SpartaIV,Starfield.esm,2,0,000057C9,ResInorgUncommonAlkanes_G,Alkanes,Starfield.esm,0000D4C4,ATMO_SpartaIV,Starfield.esm,0
Starfield.esm,2026-09-02 23:00:21,0005E224,SpartaIVPlanetData,Sparta IV,Planet,79252,Sparta,0,4,0000D4C4,ATMO_SpartaIV,Starfield.esm,2,1,000083EC,ResInorgCommonWater_L,Water,Starfield.esm,0000D4C4,ATMO_SpartaIV,Starfield.esm,0
Starfield.esm,2026-09-02 23:00:21,0005E222,SpartaIIIPlanetData,Sparta III,Planet,79252,Sparta,0,3,0000C0C1,ATMO_SpartaIII,Starfield.esm,1,0,000083EC,ResInorgCommonWater_L,Water,Starfield.esm,0020CDD3,AtmoDefaultMedium,Starfield.esm,2
Starfield.esm,2026-09-02 23:00:21,0005E216,JaffaVII-bPlanetData,Jaffa VII-b,Moon,79431,Jaffa,7,17,0000C115,ATMO_JaffaVII-b,Starfield.esm,1,0,000083EC,ResInorgCommonWater_L,Water,Starfield.esm,0020CDD3,AtmoDefaultMedium,Starfield.esm,2
Starfield.esm,2026-09-02 23:00:21,0005E212,JaffaVI-aPlanetData,Jaffa VI-a,Moon,79431,Jaffa,6,14,0000D4C5,ATMO_JaffaVI-a,Starfield.esm,1,0,000057E7,ResInorgUncommonBenzene_G,Benzene,Starfield.esm,0000D4C5,ATMO_JaffaVI-a,Starfield.esm,0
Starfield.esm,2026-09-02 23:00:21,0005E20C,JaffaIIIPlanetData,Jaffa III,Planet,79431,Jaffa,0,3,0000C113,ATMO_JaffaIII,Starfield.esm,1,0,000083EC,ResInorgCommonWater_L,Water,Starfield.esm,0020CDD3,AtmoDefaultMedium,Starfield.esm,2
Starfield.esm,2026-09-02 23:00:21,0005E20B,JaffaII-aPlanetData,Jaffa II-a,Moon,79431,Jaffa,2,11,0000C112,ATMO_JaffaII-a,Starfield.esm,1,0,000083EC,ResInorgCommonWater_L,Water,Starfield.esm,0020CDD3,AtmoDefaultMedium,Starfield.esm,2
Starfield.esm,2026-09-02 23:00:21,0005E20A,JaffaIIPlanetData,Jaffa II,Planet,79431,Jaffa,0,2,0000C111,ATMO_JaffaII,Starfield.esm,1,0,000083EC,ResInorgCommonWater_L,Water,Starfield.esm,0020CDD4,AtmoDefaultDense,Starfield.esm,2
Starfield.esm,2026-09-02 23:00:21,0005E202,BradburyIVPlanetData,Bradbury IV,Planet,81444,Bradbury,0,4,0000C118,ATMO_BradburyIV,Starfield.esm,1,0,000083EC,ResInorgCommonWater_L,Water,Starfield.esm,0020CDD4,AtmoDefaultDense,Starfield.esm,2
Starfield.esm,2026-09-02 23:00:21,0005E201,BradburyIIIPlanetData,Bradbury III,Planet,81444,Bradbury,0,3,0000C117,ATMO_BradburyIII,Starfield.esm,1,0,000083EC,ResInorgCommonWater_L,Water,Starfield.esm,0020CDD3,AtmoDefaultMedium,Starfield.esm,2
Starfield.esm,2026-09-02 23:00:21,0005E1F5,McClureIIPlanetData,McClure II,Planet,119106,McClure,0,2,0000C119,ATMO_McClureII,Starfield.esm,1,0,000083EC,ResInorgCommonWater_L,Water,Starfield.esm,0020CDD3,AtmoDefaultMedium,Starfield.esm,2
Starfield.esm,2026-09-02 23:00:21,0005E1ED,TidachaIPlanetData,Tidacha I,Planet,82337,Tidacha,0,1,0000D4C6,ATMO_TidachaI,Starfield.esm,2,0,000057C9,ResInorgUncommonAlkanes_G,Alkanes,Starfield.esm,0000D4C6,ATMO_TidachaI,Starfield.esm,0
Starfield.esm,2026-09-02 23:00:21,0005E1ED,TidachaIPlanetData,Tidacha I,Planet,82337,Tidacha,0,1,0000D4C6,ATMO_TidachaI,Starfield.esm,2,1,000083EC,ResInorgCommonWater_L,Water,Starfield.esm,0000D4C6,ATMO_TidachaI,Starfield.esm,0
Starfield.esm,2026-09-02 23:00:21,0005E1DD,MasadaIVPlanetData,Masada IV,Planet,83021,Masada,0,4,0000D4C7,ATMO_MasadaIV,Starfield.esm,1,0,000057D0,ResInorgUncommonFluorine_G,Fluorine,Starfield.esm,0000D4C7,ATMO_MasadaIV,Starfield.esm,0
Starfield.esm,2026-09-02 23:00:21,0005E1DC,MasadaIIIPlanetData,Masada III,Planet,83021,Masada,0,3,0000C479,ATMO_ZelaznyIII,Starfield.esm,1,0,000083EC,ResInorgCommonWater_L,Water,Starfield.esm,0020CDD3,AtmoDefaultMedium,Starfield.esm,2
Starfield.esm,2026-09-02 23:00:21,0005E1D3,HeisenbergVIII-cPlanetData,Heisenberg VIII-c,Moon,83344,Heisenberg,8,18,0000C123,ATMO_HeisenbergVIII-c,Starfield.esm,1,0,000083EC,ResInorgCommonWater_L,Water,Starfield.esm,0020CDD3,AtmoDefaultMedium,Starfield.esm,2
Starfield.esm,2026-09-02 23:00:21,0005E1CA,HeisenbergV-aPlanetData,Heisenberg V-a,Moon,83344,Heisenberg,5,12,0005BD9F,ATMO_HeisenbergV-a,Starfield.esm,1,0,000083EC,ResInorgCommonWater_L,Water,Starfield.esm,0020CDD3,AtmoDefaultMedium,Starfield.esm,2
Starfield.esm,2026-09-02 23:00:21,0005E1C9,HeisenbergVPlanetData,Heisenberg V,Planet,83344,Heisenberg,0,5,0000D4C8,ATMO_HeisenbergV,Starfield.esm,1,0,000057D5,ResInorgCommonChlorine_G,Chlorine,Starfield.esm,0000D4C8,ATMO_HeisenbergV,Starfield.esm,0
Starfield.esm,2026-09-02 23:00:21,0005E1C8,HeisenbergIVPlanetData,Heisenberg IV,Planet,83344,Heisenberg,0,4,0000C120,ATMO_HeisenbergIV,Starfield.esm,1,0,000083EC,ResInorgCommonWater_L,Water,Starfield.esm,0020CDD3,AtmoDefaultMedium,Starfield.esm,2
Starfield.esm,2026-09-02 23:00:21,0005E1C7,HeisenbergIIIPlanetData,Heisenberg III,Planet,83344,Heisenberg,0,3,0000C11F,ATMO_HeisenbergIII,Starfield.esm,1,0,000083EC,ResInorgCommonWater_L,Water,Starfield.esm,0020CDD3,AtmoDefaultMedium,Starfield.esm,2
Starfield.esm,2026-09-02 23:00:21,0005E1C6,HeisenbergIIPlanetData,Heisenberg II,Planet,83344,Heisenberg,0,2,0000C11E,ATMO_HeisenbergII,Starfield.esm,1,0,000083EC,ResInorgCommonWater_L,Water,Starfield.esm,0020CDD3,AtmoDefaultMedium,Starfield.esm,2
Starfield.esm,2026-09-02 23:00:21,0005E1BD,GuniibuuVI-dPlanetData,Guniibuu VI-d,Moon,84147,Guniibuu,6,26,0000D4CB,ATMO_GuniibuuVI-d,Starfield.esm,2,0,000057C9,ResInorgUncommonAlkanes_G,Alkanes,Starfield.esm,0000D4CB,ATMO_GuniibuuVI-d,Starfield.esm,0
Starfield.esm,2026-09-02 23:00:21,0005E1BD,GuniibuuVI-dPlanetData,Guniibuu VI-d,Moon,84147,Guniibuu,6,26,0000D4CB,ATMO_GuniibuuVI-d,Starfield.esm,2,1,000083EC,ResInorgCommonWater_L,Water,Starfield.esm,0000D4CB,ATMO_GuniibuuVI-d,Starfield.esm,0
Starfield.esm,2026-09-02 23:00:21,0005E1BA,GuniibuuVI-bPlanetData,Guniibuu VI-b,Moon,84147,Guniibuu,6,23,0000C128,ATMO_GuniibuuVI-b,Starfield.esm,1,0,000083EC,ResInorgCommonWater_L,Water,Starfield.esm,0020CDD3,AtmoDefaultMedium,Starfield.esm,2
Starfield.esm,2026-09-02 23:00:21,0005E1A5,GuniibuuIIPlanetData,Guniibuu II,Planet,84147,Guniibuu,0,2,0000D4CA,ATMO_GuniibuuII,Starfield.esm,2,0,000057D5,ResInorgCommonChlorine_G,Chlorine,Starfield.esm,0000D4CA,ATMO_GuniibuuII,Starfield.esm,0
Starfield.esm,2026-09-02 23:00:21,0005E1A5,GuniibuuIIPlanetData,Guniibuu II,Planet,84147,Guniibuu,0,2,0000D4CA,ATMO_GuniibuuII,Starfield.esm,2,1,000083EC,ResInorgCommonWater_L,Water,Starfield.esm,0000D4CA,ATMO_GuniibuuII,Starfield.esm,0
Starfield.esm,2026-09-02 23:00:21,0005E19A,IndumIV-dPlanetData,Indum IV-d,Moon,119135,Indum,4,12,0000D4CC,ATMO_IndumIV-d,Starfield.esm,2,0,000057D5,ResInorgCommonChlorine_G,Chlorine,Starfield.esm,0000D4CC,ATMO_IndumIV-d,Starfield.esm,0
Starfield.esm,2026-09-02 23:00:21,0005E19A,IndumIV-dPlanetData,Indum IV-d,Moon,119135,Indum,4,12,0000D4CC,ATMO_IndumIV-d,Starfield.esm,2,1,000083EC,ResInorgCommonWater_L,Water,Starfield.esm,0000D4CC,ATMO_IndumIV-d,Starfield.esm,0
Starfield.esm,2026-09-02 23:00:21,0005E198,IndumIII-bPlanetData,Indum III-b,Moon,119135,Indum,3,11,0000C12C,ATMO_IndumIII-b,Starfield.esm,1,0,000083EC,ResInorgCommonWater_L,Water,Starfield.esm,0020CDD3,AtmoDefaultMedium,Starfield.esm,2
Starfield.esm,2026-09-02 23:00:21,0005E192,IndumIIPlanetData,Indum II,Planet,119135,Indum,0,2,0000C12A,ATMO_IndumII,Starfield.esm,1,0,000083EC,ResInorgCommonWater_L,Water,Starfield.esm,0020CDD3,AtmoDefaultMedium,Starfield.esm,2
Starfield.esm,2026-09-02 23:00:21,0005E184,OborumII-aPlanetData,Oborum II-a,Moon,119220,Oborum Prime,38,39,0000C12E,ATMO_OborumII-a,Starfield.esm,1,0,000083EC,ResInorgCommonWater_L,Water,Starfield.esm,0020CDD3,AtmoDefaultMedium,Starfield.esm,2
Starfield.esm,2026-09-02 23:00:21,0005E182,OborumIPlanetData,Oborum I,Planet,119220,Oborum Prime,0,37,0000C12D,ATMO_OborumI,Starfield.esm,1,0,000083EC,ResInorgCommonWater_L,Water,Starfield.esm,0020CDD3,AtmoDefaultMedium,Starfield.esm,2
Starfield.esm,2026-09-02 23:00:21,0005E17B,XiOphiuchiVIII-bPlanetData,Xi Ophiuchi VIII-b,Moon,84636,Xi Ophiuchi,8,24,0000D4CF,ATMO_XiOphiuchiVIII-b,Starfield.esm,2,0,000057D5,ResInorgCommonChlorine_G,Chlorine,Starfield.esm,0000D4CF,ATMO_XiOphiuchiVIII-b,Starfield.esm,0
Starfield.esm,2026-09-02 23:00:21,0005E17B,XiOphiuchiVIII-bPlanetData,Xi Ophiuchi VIII-b,Moon,84636,Xi Ophiuchi,8,24,0000D4CF,ATMO_XiOphiuchiVIII-b,Starfield.esm,2,1,000083EC,ResInorgCommonWater_L,Water,Starfield.esm,0000D4CF,ATMO_XiOphiuchiVIII-b,Starfield.esm,0
Starfield.esm,2026-09-02 23:00:21,0005E179,XiOphiuchiVIII-cPlanetData,Xi Ophiuchi VIII-c,Moon,84636,Xi Ophiuchi,8,22,0000C170,ATMO_XiOphiuchiVIII-c,Starfield.esm,1,0,000083EC,ResInorgCommonWater_L,Water,Starfield.esm,0020CDD3,AtmoDefaultMedium,Starfield.esm,2
Starfield.esm,2026-09-02 23:00:21,0005E175,XiOphiuchiVII-aPlanetData,Xi Ophiuchi VII-a,Moon,84636,Xi Ophiuchi,7,19,0000C16F,ATMO_XiOphiuchiVII-a,Starfield.esm,1,0,000083EC,ResInorgCommonWater_L,Water,Starfield.esm,0020CDD3,AtmoDefaultMedium,Starfield.esm,2
Starfield.esm,2026-09-02 23:00:21,0005E174,XiOphiuchiVII-bPlanetData,Xi Ophiuchi VII-b,Moon,84636,Xi Ophiuchi,7,18,0000C16E,ATMO_XiOphiuchiVII-b,Starfield.esm,1,0,000083EC,ResInorgCommonWater_L,Water,Starfield.esm,0020CDD3,AtmoDefaultMedium,Starfield.esm,2
Starfield.esm,2026-09-02 23:00:21,0005E171,XiOphiuchiVI-ePlanetData,Xi Ophiuchi VI-e,Moon,84636,Xi Ophiuchi,6,16,0000D4CE,ATMO_XiOphiuchiVI-e,Starfield.esm,1,0,000057D5,ResInorgCommonChlorine_G,Chlorine,Starfield.esm,0000D4CE,ATMO_XiOphiuchiVI-e,Starfield.esm,0
Starfield.esm,2026-09-02 23:00:21,0005E16A,XiOphiuchiIVPlanetData,Xi Ophiuchi IV,Planet,84636,Xi Ophiuchi,0,4,0000D4CD,ATMO_XiOphiuchiIV,Starfield.esm,1,0,000057D0,ResInorgUncommonFluorine_G,Fluorine,Starfield.esm,0000D4CD,ATMO_XiOphiuchiIV,Starfield.esm,0
Starfield.esm,2026-09-02 23:00:21,0005E167,XiOphiuchiIIPlanetData,Xi Ophiuchi II,Planet,84636,Xi Ophiuchi,0,2,0000C168,ATMO_XiOphiuchiII,Starfield.esm,1,0,000083EC,ResInorgCommonWater_L,Water,Starfield.esm,0020CDD3,AtmoDefaultMedium,Starfield.esm,2
Starfield.esm,2026-09-02 23:00:21,0005E162,ZetaOphiuchiVI-cPlanetData,Zeta Ophiuchi VI-c,Moon,119147,Zeta Ophiuchi,6,21,0000C176,ATMO_ZetaOphiuchiVI-c,Starfield.esm,1,0,000083EC,ResInorgCommonWater_L,Water,Starfield.esm,0020CDD3,AtmoDefaultMedium,Starfield.esm,2
Starfield.esm,2026-09-02 23:00:21,0005E151,ZetaOphiuchiIPlanetData,Zeta Ophiuchi I,Planet,119147,Zeta Ophiuchi,0,1,0000D4D0,ATMO_ZetaOphiuchiI,Starfield.esm,2,0,000057D5,ResInorgCommonChlorine_G,Chlorine,Starfield.esm,0000D4D0,ATMO_ZetaOphiuchiI,Starfield.esm,0
Starfield.esm,2026-09-02 23:00:21,0005E151,ZetaOphiuchiIPlanetData,Zeta Ophiuchi I,Planet,119147,Zeta Ophiuchi,0,1,0000D4D0,ATMO_ZetaOphiuchiI,Starfield.esm,2,1,000083EC,ResInorgCommonWater_L,Water,Starfield.esm,0000D4D0,ATMO_ZetaOphiuchiI,Starfield.esm,0
Starfield.esm,2026-09-02 23:00:21,0005E13C,NemeriaIV-aPlanetData,Nemeria IV-a,Moon,84604,Nemeria,4,12,0000C179,ATMO_Greycaste,Starfield.esm,1,0,000083EC,ResInorgCommonWater_L,Water,Starfield.esm,0020CDD3,AtmoDefaultMedium,Starfield.esm,2
Starfield.esm,2026-09-02 23:00:21,0005E138,NemeriaII-bPlanetData,Nemeria II-b,Moon,84604,Nemeria,2,10,0000D4D1,ATMO_NemeriaII-b,Starfield.esm,1,0,000057D5,ResInorgCommonChlorine_G,Chlorine,Starfield.esm,0000D4D1,ATMO_NemeriaII-b,Starfield.esm,0
Starfield.esm,2026-09-02 23:00:21,0005E136,NemeriaIIPlanetData,Nemeria II,Planet,84604,Nemeria,0,2,0000C178,ATMO_Alor,Starfield.esm,1,0,000083EC,ResInorgCommonWater_L,Water,Starfield.esm,0020CDD3,AtmoDefaultMedium,Starfield.esm,2
Starfield.esm,2026-09-02 23:00:21,0005E135,NemeriaIPlanetData,Nemeria I,Planet,84604,Nemeria,0,1,0000C177,ATMO_Jade,Starfield.esm,1,0,000083EC,ResInorgCommonWater_L,Water,Starfield.esm,0020CDD3,AtmoDefaultMedium,Starfield.esm,2
Starfield.esm,2026-09-02 23:00:21,0005E12D,AlphaMaraeIV-bPlanetData,Alpha Marae IV-b,Moon,85407,Alpha Marae,4,13,0000C183,ATMO_AlphaMaraeIV-b,Starfield.esm,1,0,000083EC,ResInorgCommonWater_L,Water,Starfield.esm,0020CDD3,AtmoDefaultMedium,Starfield.esm,2
Starfield.esm,2026-09-02 23:00:21,0005E127,AlphaMaraeIII-dPlanetData,Alpha Marae III-d,Moon,85407,Alpha Marae,3,8,0000C182,ATMO_AlphaMaraeIII-d,Starfield.esm,1,0,000083EC,ResInorgCommonWater_L,Water,Starfield.esm,0020CDD3,AtmoDefaultMedium,Starfield.esm,2
Starfield.esm,2026-09-02 23:00:21,0005E116,BetaMaraeIV-bPlanetData,Beta Marae IV-b,Moon,119159,Beta Marae,4,13,0000C18A,ATMO_BetaMaraeIV-b,Starfield.esm,1,0,000083EC,ResInorgCommonWater_L,Water,Starfield.esm,0020CDD3,AtmoDefaultMedium,Starfield.esm,2
Starfield.esm,2026-09-02 23:00:21,0005E104,RasalhagueIIPlanetData,Rasalhague II,Planet,85769,Rasalhague,0,2,0000C18F,ATMO_RasalhagueII,Starfield.esm,1,0,000083EC,ResInorgCommonWater_L,Water,Starfield.esm,0020CDD3,AtmoDefaultMedium,Starfield.esm,2
Starfield.esm,2026-09-02 23:00:21,0005E0DD,FeynmanIVPlanetData,Feynman IV,Planet,86469,Feynman,0,4,0000C19A,ATMO_FeynmanIV,Starfield.esm,1,0,000083EC,ResInorgCommonWater_L,Water,Starfield.esm,0020CDD3,AtmoDefaultMedium,Starfield.esm,2
Starfield.esm,2026-09-02 23:00:21,0005E0DC,FeynmanIIIPlanetData,Feynman III,Planet,86469,Feynman,0,3,0000C194,ATMO_FeynmanIII,Starfield.esm,1,0,000083EC,ResInorgCommonWater_L,Water,Starfield.esm,0020CDD3,AtmoDefaultMedium,Starfield.esm,2
Starfield.esm,2026-09-02 23:00:21,0005E0D7,AndromasVI-bPlanetData,Andromas VI-b,Moon,86705,Andromas,6,12,0000C1AF,ATMO_AndromasVI-b,Starfield.esm,1,0,000057F5,ResInorgCommonHelium3_G,Helium-3,Starfield.esm,0000C1AF,ATMO_AndromasVI-b,Starfield.esm,0
Starfield.esm,2026-09-02 23:00:21,0005E0D3,AndromasV-bPlanetData,Andromas V-b,Moon,86705,Andromas,5,9,0000C1AE,ATMO_AndromasV-b,Starfield.esm,1,0,000083EC,ResInorgCommonWater_L,Water,Starfield.esm,0020CDD3,AtmoDefaultMedium,Starfield.esm,2
Starfield.esm,2026-09-02 23:00:21,0005E0CF,AndromasIIIPlanetData,Andromas III,Planet,86705,Andromas,0,3,0000C1AD,ATMO_AndromasIII,Starfield.esm,1,0,000083EC,ResInorgCommonWater_L,Water,Starfield.esm,0020CDD3,AtmoDefaultMedium,Starfield.esm,2
Starfield.esm,2026-09-02 23:00:21,0005E0CE,AndromasIIPlanetData,Andromas II,Planet,86705,Andromas,0,2,0000D4D2,ATMO_AndromasII,Starfield.esm,2,0,000057D0,ResInorgUncommonFluorine_G,Fluorine,Starfield.esm,0000D4D2,ATMO_AndromasII,Starfield.esm,0
Starfield.esm,2026-09-02 23:00:21,0005E0CE,AndromasIIPlanetData,Andromas II,Planet,86705,Andromas,0,2,0000D4D2,ATMO_AndromasII,Starfield.esm,2,1,000083EC,ResInorgCommonWater_L,Water,Starfield.esm,0000D4D2,ATMO_AndromasII,Starfield.esm,0
Starfield.esm,2026-09-02 23:00:21,0005E0CD,AndromasIPlanetData,Andromas I,Planet,86705,Andromas,0,1,0000C1AA,ATMO_AndromasI,Starfield.esm,1,0,000083EC,ResInorgCommonWater_L,Water,Starfield.esm,0020CDD3,AtmoDefaultMedium,Starfield.esm,2
Starfield.esm,2026-09-02 23:00:21,0005E0CB,FrostPlanetData,Frost,Planet,87665,Barnard's Star,0,1,0025E051,ATMO_Frost,Starfield.esm,1,0,000057F5,ResInorgCommonHelium3_G,Helium-3,Starfield.esm,0025E051,ATMO_Frost,Starfield.esm,0
Starfield.esm,2026-09-02 23:00:21,0005E0C8,SchrodingerVIII-ePlanetData,Schrodinger VIII-e,Moon,87902,Schrodinger,8,23,0000C1B7,ATMO_SchrodingerVIII-e,Starfield.esm,1,0,000083EC,ResInorgCommonWater_L,Water,Starfield.esm,0020CDD3,AtmoDefaultMedium,Starfield.esm,2
Starfield.esm,2026-09-02 23:00:21,0005E0C5,SchrodingerVIII-aPlanetData,Schrodinger VIII-a,Moon,87902,Schrodinger,8,20,0000C1B6,ATMO_SchrodingerVIII-a,Starfield.esm,1,0,000083EC,ResInorgCommonWater_L,Water,Starfield.esm,0020CDD3,AtmoDefaultMedium,Starfield.esm,2
Starfield.esm,2026-09-02 23:00:21,0005E0B8,SchrodingerIVPlanetData,Schrodinger IV,Planet,87902,Schrodinger,0,4,0000D4D3,ATMO_SchrodingerIV,Starfield.esm,2,0,000057E7,ResInorgUncommonBenzene_G,Benzene,Starfield.esm,0000D4D3,ATMO_SchrodingerIV,Starfield.esm,0
Starfield.esm,2026-09-02 23:00:21,0005E0B8,SchrodingerIVPlanetData,Schrodinger IV,Planet,87902,Schrodinger,0,4,0000D4D3,ATMO_SchrodingerIV,Starfield.esm,2,1,000083EC,ResInorgCommonWater_L,Water,Starfield.esm,0000D4D3,ATMO_SchrodingerIV,Starfield.esm,0
Starfield.esm,2026-09-02 23:00:21,0005E0B6,SchrodingerIIIPlanetData,Schrodinger III,Planet,87902,Schrodinger,0,3,0000C1B3,ATMO_SchrodingerIII,Starfield.esm,1,0,000083EC,ResInorgCommonWater_L,Water,Starfield.esm,0020CDD3,AtmoDefaultMedium,Starfield.esm,2
Starfield.esm,2026-09-02 23:00:21,0005E0B0,TauCetiVIII-bPlanetData,Tau Ceti VIII-b,Moon,8087,Tau Ceti,8,20,0000C1D9,ATMO_TauCetiVIII-b,Starfield.esm,1,0,000083EC,ResInorgCommonWater_L,Water,Starfield.esm,0020CDD3,AtmoDefaultMedium,Starfield.esm,2
Starfield.esm,2026-09-02 23:00:21,0005E0A2,TauCetiIIIPlanetData,Tau Ceti III,Planet,8087,Tau Ceti,0,3,0000C1C7,ATMO_TauCetiIII,Starfield.esm,1,0,000083EC,ResInorgCommonWater_L,Water,Starfield.esm,0020CDD3,AtmoDefaultMedium,Starfield.esm,2
Starfield.esm,2026-09-02 23:00:21,0005E0A0,TauCetiIIPlanetData,Tau Ceti II,Planet,8087,Tau Ceti,0,2,0000C1C4,ATMO_TauCetiII,Starfield.esm,1,0,000083EC,ResInorgCommonWater_L,Water,Starfield.esm,0020CDD3,AtmoDefaultMedium,Starfield.esm,2
Starfield.esm,2026-09-02 23:00:21,0005E096,LeviathanIVPlanetData,Leviathan IV,Planet,89684,Leviathan,0,4,0000D4D5,ATMO_LeviathanIV,Starfield.esm,2,0,000057D5,ResInorgCommonChlorine_G,Chlorine,Starfield.esm,0000D4D5,ATMO_LeviathanIV,Starfield.esm,0
Starfield.esm,2026-09-02 23:00:21,0005E096,LeviathanIVPlanetData,Leviathan IV,Planet,89684,Leviathan,0,4,0000D4D5,ATMO_LeviathanIV,Starfield.esm,2,1,000083EC,ResInorgCommonWater_L,Water,Starfield.esm,0000D4D5,ATMO_LeviathanIV,Starfield.esm,0
Starfield.esm,2026-09-02 23:00:21,0005E080,LinnaeusIV-bPlanetData,Linnaeus IV-b,Moon,91156,Linnaeus,4,14,0000C1E3,ATMO_LinnaeusIV-b,Starfield.esm,1,0,000083EC,ResInorgCommonWater_L,Water,Starfield.esm,0020CDD3,AtmoDefaultMedium,Starfield.esm,2
Starfield.esm,2026-09-02 23:00:21,0005E07E,LinnaeusIV-aPlanetData,Linnaeus IV-a,Moon,91156,Linnaeus,4,12,0000C1E2,ATMO_LinnaeusIV-a,Starfield.esm,1,0,000083EC,ResInorgCommonWater_L,Water,Starfield.esm,0020CDD3,AtmoDefaultMedium,Starfield.esm,2
Starfield.esm,2026-09-02 23:00:21,0005E07B,LinnaeusIIIPlanetData,Linnaeus III,Planet,91156,Linnaeus,0,3,0000C1E1,ATMO_LinnaeusIII,Starfield.esm,1,0,000083EC,ResInorgCommonWater_L,Water,Starfield.esm,0020CDD3,AtmoDefaultMedium,Starfield.esm,2
Starfield.esm,2026-09-02 23:00:21,0005E079,LinnaeusIIPlanetData,Linnaeus II,Planet,91156,Linnaeus,0,2,0000C1E0,ATMO_LinnaeusII,Starfield.esm,1,0,000083EC,ResInorgCommonWater_L,Water,Starfield.esm,0020CDD3,AtmoDefaultMedium,Starfield.esm,2
Starfield.esm,2026-09-02 23:00:21,0005E073,NewtonV-bPlanetData,Newton V-b,Moon,91756,Newton,5,12,0000C1EF,ATMO_NewtonV-b,Starfield.esm,1,0,000083EC,ResInorgCommonWater_L,Water,Starfield.esm,0020CDD3,AtmoDefaultMedium,Starfield.esm,2
Starfield.esm,2026-09-02 23:00:21,0005E06F,NewtonIIIPlanetData,Newton III,Planet,91756,Newton,0,3,0000C1ED,ATMO_NewtonIII,Starfield.esm,1,0,000083EC,ResInorgCommonWater_L,Water,Starfield.esm,0020CDD3,AtmoDefaultMedium,Starfield.esm,2
Starfield.esm,2026-09-02 23:00:21,0005E06C,NewtonIIPlanetData,Newton II,Planet,91756,Newton,0,2,0000C1EC,ATMO_NewtonII,Starfield.esm,1,0,000083EC,ResInorgCommonWater_L,Water,Starfield.esm,0020CDD3,AtmoDefaultMedium,Starfield.esm,2
Starfield.esm,2026-09-02 23:00:21,0005E064,AltairIV-cPlanetData,Altair IV-c,Moon,97338,Altair,4,13,0000C1F9,ATMO_AltairIV-c,Starfield.esm,1,0,000083EC,ResInorgCommonWater_L,Water,Starfield.esm,0020CDD3,AtmoDefaultMedium,Starfield.esm,2
Starfield.esm,2026-09-02 23:00:21,0005E05C,AltairIIPlanetData,Altair II,Planet,97338,Altair,0,2,0000C1F1,ATMO_AltairII,Starfield.esm,1,0,000083EC,ResInorgCommonWater_L,Water,Starfield.esm,0020CDD3,AtmoDefaultMedium,Starfield.esm,2
Starfield.esm,2026-09-02 23:00:21,0005E053,AmperePlanetData,Ampere,Moon,98924,Delta Pavonis,7,18,0000C201,ATMO_Haldane,Starfield.esm,1,0,000083EC,ResInorgCommonWater_L,Water,Starfield.esm,0020CDD3,AtmoDefaultMedium,Starfield.esm,2
Starfield.esm,2026-09-02 23:00:21,0005E045,MagnarPlanetData,Magnar,Planet,98924,Delta Pavonis,0,2,0000C1FA,ATMO_Magnar,Starfield.esm,1,0,000083EC,ResInorgCommonWater_L,Water,Starfield.esm,0020CDD3,AtmoDefaultMedium,Starfield.esm,2
Starfield.esm,2026-09-02 23:00:21,0005E03C,BannocIIPlanetData,Bannoc II,Planet,69793,Bannoc,0,2,00009D77,ATMO_BannocPrimeII,Starfield.esm,1,0,000083EC,ResInorgCommonWater_L,Water,Starfield.esm,0020CDD3,AtmoDefaultMedium,Starfield.esm,2
Starfield.esm,2026-09-02 23:00:21,0005E029,PiazziIV-cPlanetData,Piazzi IV-c,Moon,103879,Piazzi,4,12,0000C27B,ATMO_PiazziIV-c,Starfield.esm,1,0,000083EC,ResInorgCommonWater_L,Water,Starfield.esm,0020CDD3,AtmoDefaultMedium,Starfield.esm,2
Starfield.esm,2026-09-02 23:00:21,0005E024,PiazziIIPlanetData,Piazzi II,Planet,103879,Piazzi,0,2,0000C275,ATMO_PiazziII,Starfield.esm,1,0,000083EC,ResInorgCommonWater_L,Water,Starfield.esm,0020CDD3,AtmoDefaultMedium,Starfield.esm,2
Starfield.esm,2026-09-02 23:00:21,0005E020,BesselIII-bPlanetData,Bessel III-b,Moon,103883,Bessel,3,6,0000C284,ATMO_BesselIII-b,Starfield.esm,1,0,000083EC,ResInorgCommonWater_L,Water,Starfield.esm,0020CDD3,AtmoDefaultMedium,Starfield.esm,2
Starfield.esm,2026-09-02 23:00:21,0005E015,CharybdisVII-dPlanetData,Charybdis VII-d,Moon,56075,Charybdis,7,18,0000C2F1,ATMO_CharybdisVII-d,Starfield.esm,1,0,000083EC,ResInorgCommonWater_L,Water,Starfield.esm,0020CDD3,AtmoDefaultMedium,Starfield.esm,2
Starfield.esm,2026-09-02 23:00:21,0005E010,CharybdisVI-bPlanetData,Charybdis VI-b,Moon,56075,Charybdis,6,14,0000C2EE,ATMO_CharybdisVI-b,Starfield.esm,1,0,000083EC,ResInorgCommonWater_L,Water,Starfield.esm,0020CDD3,AtmoDefaultMedium,Starfield.esm,2
Starfield.esm,2026-09-02 23:00:21,0005E009,CharybdisIIIPlanetData,Charybdis III,Planet,56075,Charybdis,0,3,0000D4D6,ATMO_CharybdisIII,Starfield.esm,2,0,000057D5,ResInorgCommonChlorine_G,Chlorine,Starfield.esm,0000D4D6,ATMO_CharybdisIII,Starfield.esm,0
Starfield.esm,2026-09-02 23:00:21,0005E009,CharybdisIIIPlanetData,Charybdis III,Planet,56075,Charybdis,0,3,0000D4D6,ATMO_CharybdisIII,Starfield.esm,2,1,000083EC,ResInorgCommonWater_L,Water,Starfield.esm,0000D4D6,ATMO_CharybdisIII,Starfield.esm,0
Starfield.esm,2026-09-02 23:00:21,0005E008,CharybdisIIPlanetData,Charybdis II,Planet,56075,Charybdis,0,2,0000C2AE,ATMO_CharybdisII,Starfield.esm,1,0,000083EC,ResInorgCommonWater_L,Water,Starfield.esm,0020CDD3,AtmoDefaultMedium,Starfield.esm,2
Starfield.esm,2026-09-02 23:00:21,0005DFF9,Al-BattaniIVPlanetData,Al-Battani IV,Planet,65147,Al-Battani,0,4,0000C35D,ATMO_Al-BattaniIV,Starfield.esm,1,0,000083EC,ResInorgCommonWater_L,Water,Starfield.esm,0020CDD3,AtmoDefaultMedium,Starfield.esm,2
Starfield.esm,2026-09-02 23:00:21,0005DFF5,Al-BattaniIIPlanetData,Al-Battani II,Planet,65147,Al-Battani,0,2,0000D4D7,ATMO_Al-BattaniII,Starfield.esm,2,0,000057C9,ResInorgUncommonAlkanes_G,Alkanes,Starfield.esm,0000D4D7,ATMO_Al-BattaniII,Starfield.esm,0
Starfield.esm,2026-09-02 23:00:21,0005DFF5,Al-BattaniIIPlanetData,Al-Battani II,Planet,65147,Al-Battani,0,2,0000D4D7,ATMO_Al-BattaniII,Starfield.esm,2,1,000083EC,ResInorgCommonWater_L,Water,Starfield.esm,0000D4D7,ATMO_Al-BattaniII,Starfield.esm,0
Starfield.esm,2026-09-02 23:00:21,0005DFDF,KhayyamIIPlanetData,Khayyam II,Planet,65150,Khayyam,0,2,0000C35F,ATMO_AthenaII,Starfield.esm,1,0,000083EC,ResInorgCommonWater_L,Water,Starfield.esm,0020CDD3,AtmoDefaultMedium,Starfield.esm,2
Starfield.esm,2026-09-02 23:00:21,0005DFD4,PyraasVII-bPlanetData,Pyraas VII-b,Moon,68415,Pyraas,7,14,0005BDA0,ATMO_PyraasVII-b,Starfield.esm,1,0,000083EC,ResInorgCommonWater_L,Water,Starfield.esm,0020CDD3,AtmoDefaultMedium,Starfield.esm,2
Starfield.esm,2026-09-02 23:00:21,0005DFC6,PyraasIIPlanetData,Pyraas II,Planet,68415,Pyraas,0,2,0000C362,ATMO_PyraasII,Starfield.esm,1,0,000083EC,ResInorgCommonWater_L,Water,Starfield.esm,0020CDD3,AtmoDefaultMedium,Starfield.esm,2
Starfield.esm,2026-09-02 23:00:21,0005DFBA,BelIV-cPlanetData,Bel IV-c,Moon,69192,Bel,4,15,0000D4DA,ATMO_BelIV-c,Starfield.esm,2,0,000057D5,ResInorgCommonChlorine_G,Chlorine,Starfield.esm,0000D4DA,ATMO_BelIV-c,Starfield.esm,0
Starfield.esm,2026-09-02 23:00:21,0005DFBA,BelIV-cPlanetData,Bel IV-c,Moon,69192,Bel,4,15,0000D4DA,ATMO_BelIV-c,Starfield.esm,2,1,000083EC,ResInorgCommonWater_L,Water,Starfield.esm,0000D4DA,ATMO_BelIV-c,Starfield.esm,0
Starfield.esm,2026-09-02 23:00:21,0005DFB5,BelIIIPlanetData,Bel III,Planet,69192,Bel,0,3,0000C36A,ATMO_BelIII,Starfield.esm,1,0,000083EC,ResInorgCommonWater_L,Water,Starfield.esm,0020CDD3,AtmoDefaultMedium,Starfield.esm,2
Starfield.esm,2026-09-02 23:00:21,0005DFB3,BelIIPlanetData,Bel II,Planet,69192,Bel,0,2,0000D4D9,ATMO_BelII,Starfield.esm,2,0,000057E7,ResInorgUncommonBenzene_G,Benzene,Starfield.esm,0000D4D9,ATMO_BelII,Starfield.esm,0
Starfield.esm,2026-09-02 23:00:21,0005DFB3,BelIIPlanetData,Bel II,Planet,69192,Bel,0,2,0000D4D9,ATMO_BelII,Starfield.esm,2,1,000083EC,ResInorgCommonWater_L,Water,Starfield.esm,0000D4D9,ATMO_BelII,Starfield.esm,0
Starfield.esm,2026-09-02 23:00:21,0005DFB1,BelIPlanetData,Bel I,Planet,69192,Bel,0,1,0000D4D8,ATMO_BelI,Starfield.esm,2,0,000057D0,ResInorgUncommonFluorine_G,Fluorine,Starfield.esm,0000D4D8,ATMO_BelI,Starfield.esm,0
Starfield.esm,2026-09-02 23:00:21,0005DFB1,BelIPlanetData,Bel I,Planet,69192,Bel,0,1,0000D4D8,ATMO_BelI,Starfield.esm,2,1,000083EC,ResInorgCommonWater_L,Water,Starfield.esm,0000D4D8,ATMO_BelI,Starfield.esm,0
Starfield.esm,2026-09-02 23:00:21,0005DFA3,RanaVI-aPlanetData,Rana VI-a,Moon,69766,Rana,6,17,0000D4DC,ATMO_RanaVI-a,Starfield.esm,2,0,000057D5,ResInorgCommonChlorine_G,Chlorine,Starfield.esm,0000D4DC,ATMO_RanaVI-a,Starfield.esm,0
Starfield.esm,2026-09-02 23:00:21,0005DFA3,RanaVI-aPlanetData,Rana VI-a,Moon,69766,Rana,6,17,0000D4DC,ATMO_RanaVI-a,Starfield.esm,2,1,000083EC,ResInorgCommonWater_L,Water,Starfield.esm,0000D4DC,ATMO_RanaVI-a,Starfield.esm,0
Starfield.esm,2026-09-02 23:00:21,0005DFA0,RanaVPlanetData,Rana V,Planet,69766,Rana,0,5,0000C44D,ATMO_RanaV,Starfield.esm,1,0,000083EC,ResInorgCommonWater_L,Water,Starfield.esm,0020CDD3,AtmoDefaultMedium,Starfield.esm,2
Starfield.esm,2026-09-02 23:00:21,0005DF9F,RanaIVPlanetData,Rana IV,Planet,69766,Rana,0,4,0000D4DB,ATMO_RanaIV,Starfield.esm,2,0,000057D5,ResInorgCommonChlorine_G,Chlorine,Starfield.esm,0000D4DB,ATMO_RanaIV,Starfield.esm,0
Starfield.esm,2026-09-02 23:00:21,0005DF9F,RanaIVPlanetData,Rana IV,Planet,69766,Rana,0,4,0000D4DB,ATMO_RanaIV,Starfield.esm,2,1,000083EC,ResInorgCommonWater_L,Water,Starfield.esm,0000D4DB,ATMO_RanaIV,Starfield.esm,0
Starfield.esm,2026-09-02 23:00:21,0005DF9D,RanaIIIPlanetData,Rana III,Planet,69766,Rana,0,3,0000C3D0,ATMO_RanaIII,Starfield.esm,1,0,000083EC,ResInorgCommonWater_L,Water,Starfield.esm,0020CDD3,AtmoDefaultMedium,Starfield.esm,2
Starfield.esm,2026-09-02 23:00:21,0005DF8E,StrixIVPlanetData,Strix IV,Planet,72407,Strix,0,4,0000D4DD,ATMO_StrixIV,Starfield.esm,1,0,000057D0,ResInorgUncommonFluorine_G,Fluorine,Starfield.esm,0000D4DD,ATMO_StrixIV,Starfield.esm,0
Starfield.esm,2026-09-02 23:00:21,0005DF8B,StrixIII-cPlanetData,Strix III-c,Moon,72407,Strix,3,11,0000C456,ATMO_StrixIII-c,Starfield.esm,1,0,000083EC,ResInorgCommonWater_L,Water,Starfield.esm,0020CDD3,AtmoDefaultMedium,Starfield.esm,2
Starfield.esm,2026-09-02 23:00:21,0005DF86,StrixIPlanetData,Strix I,Planet,72407,Strix,0,1,0000C450,ATMO_StrixI,Starfield.esm,1,0,000083EC,ResInorgCommonWater_L,Water,Starfield.esm,0020CDD3,AtmoDefaultMedium,Starfield.esm,2
Starfield.esm,2026-09-02 23:00:21,0005DF74,DecaranIPlanetData,Decaran I,Planet,119105,Decaran,0,1,0000D4DE,ATMO_DecaranI,Starfield.esm,2,0,000057D5,ResInorgCommonChlorine_G,Chlorine,Starfield.esm,0000D4DE,ATMO_DecaranI,Starfield.esm,0
Starfield.esm,2026-09-02 23:00:21,0005DF74,DecaranIPlanetData,Decaran I,Planet,119105,Decaran,0,1,0000D4DE,ATMO_DecaranI,Starfield.esm,2,1,000083EC,ResInorgCommonWater_L,Water,Starfield.esm,0000D4DE,ATMO_DecaranI,Starfield.esm,0
Starfield.esm,2026-09-02 23:00:21,0005DF6C,NikolaVII-aPlanetData,Nikola VII-a,Moon,119217,Nikola,7,19,0000D4DF,ATMO_NikolaVII-a,Starfield.esm,2,0,000057D0,ResInorgUncommonFluorine_G,Fluorine,Starfield.esm,0000D4DF,ATMO_NikolaVII-a,Starfield.esm,0
Starfield.esm,2026-09-02 23:00:21,0005DF6C,NikolaVII-aPlanetData,Nikola VII-a,Moon,119217,Nikola,7,19,0000D4DF,ATMO_NikolaVII-a,Starfield.esm,2,1,000083EC,ResInorgCommonWater_L,Water,Starfield.esm,0000D4DF,ATMO_NikolaVII-a,Starfield.esm,0
Starfield.esm,2026-09-02 23:00:21,0005DF5F,NikolaIPlanetData,Nikola I,Planet,119217,Nikola,0,1,0000C474,ATMO_NikolaI,Starfield.esm,1,0,000083EC,ResInorgCommonWater_L,Water,Starfield.esm,0020CDD3,AtmoDefaultMedium,Starfield.esm,2
Starfield.esm,2026-09-02 23:00:21,0005DF5A,ZelaznyVIII-cPlanetData,Zelazny VIII-c,Moon,59092,Zelazny,8,17,0000C575,ATMO_ZelaznyVIII-c,Starfield.esm,1,0,000083EC,ResInorgCommonWater_L,Water,Starfield.esm,0020CDD3,AtmoDefaultMedium,Starfield.esm,2
Starfield.esm,2026-09-02 23:00:21,0005DF53,ZelaznyVII-dPlanetData,Zelazny VII-d,Moon,59092,Zelazny,7,11,0000C530,ATMO_ZelaznyVII-d,Starfield.esm,1,0,000083EC,ResInorgCommonWater_L,Water,Starfield.esm,0020CDD3,AtmoDefaultMedium,Starfield.esm,2
Starfield.esm,2026-09-02 23:00:21,0005DF4E,ZelaznyIIIPlanetData,Zelazny III,Planet,59092,Zelazny,0,3,0000C11C,ATMO_MasadaIII,Starfield.esm,1,0,000083EC,ResInorgCommonWater_L,Water,Starfield.esm,0020CDD3,AtmoDefaultMedium,Starfield.esm,2
Starfield.esm,2026-09-02 23:00:21,0005DF4C,ZelaznyIIPlanetData,Zelazny II,Planet,59092,Zelazny,0,2,0000C478,ATMO_ZelaznyII,Starfield.esm,1,0,000083EC,ResInorgCommonWater_L,Water,Starfield.esm,0020CDD3,AtmoDefaultMedium,Starfield.esm,2
Starfield.esm,2026-09-02 23:00:21,0005DF44,VerneVII-dPlanetData,Verne VII-d,Moon,63947,Verne,7,14,0000D4E0,ATMO_VerneVII-d,Starfield.esm,2,0,000057D0,ResInorgUncommonFluorine_G,Fluorine,Starfield.esm,0000D4E0,ATMO_VerneVII-d,Starfield.esm,0
Starfield.esm,2026-09-02 23:00:21,0005DF44,VerneVII-dPlanetData,Verne VII-d,Moon,63947,Verne,7,14,0000D4E0,ATMO_VerneVII-d,Starfield.esm,2,1,000083EC,ResInorgCommonWater_L,Water,Starfield.esm,0000D4E0,ATMO_VerneVII-d,Starfield.esm,0
Starfield.esm,2026-09-02 23:00:21,0005DF3E,VerneIVPlanetData,Verne IV,Planet,63947,Verne,0,4,0000C5CD,ATMO_VerneIV,Starfield.esm,1,0,000083EC,ResInorgCommonWater_L,Water,Starfield.esm,0020CDD3,AtmoDefaultMedium,Starfield.esm,2
Starfield.esm,2026-09-02 23:00:21,0005DF3A,VerneIIPlanetData,Verne II,Planet,63947,Verne,0,2,0000C585,ATMO_VerneII,Starfield.esm,1,0,000083EC,ResInorgCommonWater_L,Water,Starfield.esm,0020CDD3,AtmoDefaultMedium,Starfield.esm,2
Starfield.esm,2026-09-02 23:00:21,0005DF34,SyrmaVII-aPlanetData,Syrma VII-a,Moon,69479,Syrma,7,18,0000C5EE,ATMO_SyrmaVII-a,Starfield.esm,1,0,000083EC,ResInorgCommonWater_L,Water,Starfield.esm,0020CDD3,AtmoDefaultMedium,Starfield.esm,2
Starfield.esm,2026-09-02 23:00:21,0005DF31,SyrmaVI-cPlanetData,Syrma VI-c,Moon,69479,Syrma,6,16,0000C5ED,ATMO_SyrmaVI-c,Starfield.esm,1,0,000083EC,ResInorgCommonWater_L,Water,Starfield.esm,0020CDD3,AtmoDefaultMedium,Starfield.esm,2
Starfield.esm,2026-09-02 23:00:21,0005DF2C,SyrmaVPlanetData,Syrma V,Planet,69479,Syrma,0,5,0000C5EA,ATMO_SyrmaV,Starfield.esm,1,0,000083EC,ResInorgCommonWater_L,Water,Starfield.esm,0020CDD3,AtmoDefaultMedium,Starfield.esm,2
Starfield.esm,2026-09-02 23:00:21,0005DF2A,SyrmaIVPlanetData,Syrma IV,Planet,69479,Syrma,0,4,0000C5E9,ATMO_SyrmaIV,Starfield.esm,1,0,000083EC,ResInorgCommonWater_L,Water,Starfield.esm,0020CDD3,AtmoDefaultMedium,Starfield.esm,2
Starfield.esm,2026-09-02 23:00:21,0005DF29,SyrmaIIIPlanetData,Syrma III,Planet,69479,Syrma,0,3,0000C5E3,ATMO_SyrmaIII,Starfield.esm,1,0,000083EC,ResInorgCommonWater_L,Water,Starfield.esm,0020CDD3,AtmoDefaultMedium,Starfield.esm,2
Starfield.esm,2026-09-02 23:00:21,0005DF20,HeinleinVI-aPlanetData,Heinlein VI-a,Moon,71731,Heinlein,6,24,0000C639,ATMO_HeinleinVI-a,Starfield.esm,1,0,000083EC,ResInorgCommonWater_L,Water,Starfield.esm,0020CDD3,AtmoDefaultMedium,Starfield.esm,2
Starfield.esm,2026-09-02 23:00:21,0005DF15,HeinleinIV-cPlanetData,Heinlein IV-c,Moon,71731,Heinlein,4,18,0000C62B,ATMO_HeinleinIV-c,Starfield.esm,1,0,000083EC,ResInorgCommonWater_L,Water,Starfield.esm,0020CDD4,AtmoDefaultDense,Starfield.esm,2
Starfield.esm,2026-09-02 23:00:21,0005DF13,HeinleinIV-bPlanetData,Heinlein IV-b,Moon,71731,Heinlein,4,16,0000C62A,ATMO_HeinleinIV-b,Starfield.esm,1,0,000083EC,ResInorgCommonWater_L,Water,Starfield.esm,0020CDD3,AtmoDefaultMedium,Starfield.esm,2
Starfield.esm,2026-09-02 23:00:21,0005DF0C,HeinleinIIPlanetData,Heinlein II,Planet,71731,Heinlein,0,2,0000D4E1,ATMO_HeinleinII,Starfield.esm,1,0,000057D5,ResInorgCommonChlorine_G,Chlorine,Starfield.esm,0000D4E1,ATMO_HeinleinII,Starfield.esm,0
Starfield.esm,2026-09-02 23:00:21,0005DF08,BetaTernionIII-aPlanetData,Beta Ternion III-a,Moon,119225,Beta Ternion,28,29,0000C87C,ATMO_BetaTernionIII-a,Starfield.esm,1,0,000057F5,ResInorgCommonHelium3_G,Helium-3,Starfield.esm,0000C87C,ATMO_BetaTernionIII-a,Starfield.esm,0
Starfield.esm,2026-09-02 23:00:21,0005DF07,BetaTernionIIIPlanetData,Beta Ternion III,Planet,119225,Beta Ternion,0,28,0000C863,ATMO_BetaTernionIII,Starfield.esm,1,0,000083EC,ResInorgCommonWater_L,Water,Starfield.esm,0020CDD3,AtmoDefaultMedium,Starfield.esm,2
Starfield.esm,2026-09-02 23:00:21,0005DF06,BetaTernionIIPlanetData,Beta Ternion II,Planet,119225,Beta Ternion,0,27,0000C862,ATMO_BetaTernionII,Starfield.esm,1,0,000083EC,ResInorgCommonWater_L,Water,Starfield.esm,0020CDD3,AtmoDefaultMedium,Starfield.esm,2
Starfield.esm,2026-09-02 23:00:21,0005DF04,BetaTernionIPlanetData,Beta Ternion I,Planet,119225,Beta Ternion,0,25,0000C63B,ATMO_BetaTernionI,Starfield.esm,1,0,000083EC,ResInorgCommonWater_L,Water,Starfield.esm,0020CDD3,AtmoDefaultMedium,Starfield.esm,2
Starfield.esm,2026-09-02 23:00:21,0005DEFF,ProximaTernionIIIPlanetData,Proxima Ternion III,Planet,119059,Proxima Ternion,0,3,0000C898,ATMO_ProximaTernionIII,Starfield.esm,1,0,000083EC,ResInorgCommonWater_L,Water,Starfield.esm,0020CDD3,AtmoDefaultMedium,Starfield.esm,2
Starfield.esm,2026-09-02 23:00:21,0005DEFD,ProximaTernionI-bPlanetData,Proxima Ternion I-b,Moon,119059,Proxima Ternion,1,9,0000D4E2,ATMO_ProximaTernionI-b,Starfield.esm,1,0,000057D0,ResInorgUncommonFluorine_G,Fluorine,Starfield.esm,0000D4E2,ATMO_ProximaTernionI-b,Starfield.esm,0
Starfield.esm,2026-09-02 23:00:21,0005DEED,TernionV-aPlanetData,Ternion V-a,Moon,119060,Alpha Ternion,5,12,0000C8D2,ATMO_TernionV-a,Starfield.esm,1,0,000083EC,ResInorgCommonWater_L,Water,Starfield.esm,0020CDD3,AtmoDefaultMedium,Starfield.esm,2
Starfield.esm,2026-09-02 23:00:21,0005DEE9,TernionIIIPlanetData,Ternion III,Planet,119060,Alpha Ternion,0,3,0000C8AB,ATMO_TernionIII,Starfield.esm,1,0,000083EC,ResInorgCommonWater_L,Water,Starfield.esm,0020CDD3,AtmoDefaultMedium,Starfield.esm,2
Starfield.esm,2026-09-02 23:00:21,0005DEE2,EnlilVI-bPlanetData,Enlil VI-b,Moon,78498,Enlil,6,15,0000C9D0,ATMO_EnlilVI-b,Starfield.esm,1,0,000083EC,ResInorgCommonWater_L,Water,Starfield.esm,0020CDD3,AtmoDefaultMedium,Starfield.esm,2
Starfield.esm,2026-09-02 23:00:21,0005DED7,EnlilIIPlanetData,Enlil II,Planet,78498,Enlil,0,2,0000C966,ATMO_EnlilII,Starfield.esm,1,0,000083EC,ResInorgCommonWater_L,Water,Starfield.esm,0020CDD4,AtmoDefaultDense,Starfield.esm,2
Starfield.esm,2026-09-02 23:00:21,0005DEC5,TitanPlanetData,Titan,Moon,0,SOL,6,24,000F7558,ATMO_Titan,Starfield.esm,1,0,000083EC,ResInorgCommonWater_L,Water,Starfield.esm,0020CDD4,AtmoDefaultDense,Starfield.esm,2
Starfield.esm,2026-09-02 23:00:21,0005DEB5,EarthPlanetData,Earth,Planet,0,SOL,0,3,0000C9D1,ATMO_Earth,Starfield.esm,1,0,000083EC,ResInorgCommonWater_L,Water,Starfield.esm,0020CDD3,AtmoDefaultMedium,Starfield.esm,1
Starfield.esm,2026-09-02 23:00:21,0005DEB3,VenusPlanetData,Venus,Planet,0,SOL,0,2,0000D4E3,ATMO_Venus,Starfield.esm,1,0,000083EC,ResInorgCommonWater_L,Water,Starfield.esm,0020CDD3,AtmoDefaultMedium,Starfield.esm,2
Starfield.esm,2026-09-02 23:00:21,0005DEAE,LeonisVIII-cPlanetData,Leonis VIII-c,Moon,55476,Leonis,8,18,0000D4E4,ATMO_LeonisVIII-c,Starfield.esm,2,0,000057D5,ResInorgCommonChlorine_G,Chlorine,Starfield.esm,0000D4E4,ATMO_LeonisVIII-c,Starfield.esm,0
Starfield.esm,2026-09-02 23:00:21,0005DEAE,LeonisVIII-cPlanetData,Leonis VIII-c,Moon,55476,Leonis,8,18,0000D4E4,ATMO_LeonisVIII-c,Starfield.esm,2,1,000083EC,ResInorgCommonWater_L,Water,Starfield.esm,0000D4E4,ATMO_LeonisVIII-c,Starfield.esm,0
Starfield.esm,2026-09-02 23:00:21,0005DEA6,LeonisVPlanetData,Leonis V,Planet,55476,Leonis,0,5,0000CA91,ATMO_LeonisV,Starfield.esm,1,0,000083EC,ResInorgCommonWater_L,Water,Starfield.esm,0020CDD3,AtmoDefaultMedium,Starfield.esm,2
Starfield.esm,2026-09-02 23:00:21,0005DEA5,LeonisIVPlanetData,Leonis IV,Planet,55476,Leonis,0,4,0000CA17,ATMO_LeonisIV,Starfield.esm,1,0,000083EC,ResInorgCommonWater_L,Water,Starfield.esm,0020CDD3,AtmoDefaultMedium,Starfield.esm,2
Starfield.esm,2026-09-02 23:00:21,0005DEA4,LeonisIIIPlanetData,Leonis III,Planet,55476,Leonis,0,3,0000CA14,ATMO_LeonisIII,Starfield.esm,1,0,000083EC,ResInorgCommonWater_L,Water,Starfield.esm,0020CDD3,AtmoDefaultMedium,Starfield.esm,2
Starfield.esm,2026-09-02 23:00:21,0005DE9A,KangVIII-cPlanetData,Kang VIII-c,Moon,71517,Kang,8,19,0000CF9D,ATMO_KangVIII-c,Starfield.esm,1,0,000083EC,ResInorgCommonWater_L,Water,Starfield.esm,0020CDD3,AtmoDefaultMedium,Starfield.esm,2
Starfield.esm,2026-09-02 23:00:21,0005DE94,KangVII-cPlanetData,Kang VII-c,Moon,71517,Kang,7,14,0000CF93,ATMO_KangVII-c,Starfield.esm,1,0,000083EC,ResInorgCommonWater_L,Water,Starfield.esm,0020CDD3,AtmoDefaultMedium,Starfield.esm,2
Starfield.esm,2026-09-02 23:00:21,0005DE91,KangVIPlanetData,Kang VI,Planet,71517,Kang,0,6,0000CF3C,ATMO_KangVI,Starfield.esm,1,0,000083EC,ResInorgCommonWater_L,Water,Starfield.esm,0020CDD3,AtmoDefaultMedium,Starfield.esm,2
Starfield.esm,2026-09-02 23:00:21,0005DE8E,KangIV-aPlanetData,Kang IV-a,Moon,71517,Kang,4,11,0000CCC4,ATMO_KangIV-a,Starfield.esm,1,0,000083EC,ResInorgCommonWater_L,Water,Starfield.esm,0020CDD3,AtmoDefaultMedium,Starfield.esm,2
Starfield.esm,2026-09-02 23:00:21,0005DE8B,KangIIIPlanetData,Kang III,Planet,71517,Kang,0,3,0000CBF5,ATMO_KangIII,Starfield.esm,1,0,000083EC,ResInorgCommonWater_L,Water,Starfield.esm,0020CDD3,AtmoDefaultMedium,Starfield.esm,2
Starfield.esm,2026-09-02 23:00:21,0005DE81,CelabraiIIPlanetData,Celebrai II,Planet,86475,Celebrai,0,2,0000CFA2,ATMO_CelebraiII,Starfield.esm,1,0,000083EC,ResInorgCommonWater_L,Water,Starfield.esm,0020CDD3,AtmoDefaultMedium,Starfield.esm,2
Starfield.esm,2026-09-02 23:00:21,0005DE80,CelabraiIPlanetData,Celebrai I,Planet,86475,Celebrai,0,1,0000D4E5,ATMO_CelebraiI,Starfield.esm,1,0,000057D5,ResInorgCommonChlorine_G,Chlorine,Starfield.esm,0000D4E5,ATMO_CelebraiI,Starfield.esm,0
Starfield.esm,2026-09-02 23:00:21,0005DE7A,KatydidI-aPlanetData,Katydid I-a,Moon,55539,Katydid,1,5,0000CFA3,ATMO_KatydidI-a,Starfield.esm,2,0,000057F5,ResInorgCommonHelium3_G,Helium-3,Starfield.esm,0000CFA3,ATMO_KatydidI-a,Starfield.esm,0
Starfield.esm,2026-09-02 23:00:21,0005DE7A,KatydidI-aPlanetData,Katydid I-a,Moon,55539,Katydid,1,5,0000CFA3,ATMO_KatydidI-a,Starfield.esm,2,1,000083EC,ResInorgCommonWater_L,Water,Starfield.esm,0000CFA3,ATMO_KatydidI-a,Starfield.esm,0
Starfield.esm,2026-09-02 23:00:21,0005DE74,MaalIX-bPlanetData,Maal IX-b,Moon,74746,Maal,9,23,0000D4E7,ATMO_MaalIX-b,Starfield.esm,1,0,000057D5,ResInorgCommonChlorine_G,Chlorine,Starfield.esm,0000D4E7,ATMO_MaalIX-b,Starfield.esm,0
Starfield.esm,2026-09-02 23:00:21,0005DE6F,MaalVIIIPlanetData,Maal VIII,Planet,74746,Maal,0,8,0000D4E6,ATMO_MaalVIII,Starfield.esm,1,0,000057D5,ResInorgCommonChlorine_G,Chlorine,Starfield.esm,0000D4E6,ATMO_MaalVIII,Starfield.esm,0
Starfield.esm,2026-09-02 23:00:21,0005DE6E,MaalVIIPlanetData,Maal VII,Planet,74746,Maal,0,7,0000D012,ATMO_MaalVII,Starfield.esm,1,0,000083EC,ResInorgCommonWater_L,Water,Starfield.esm,0020CDD3,AtmoDefaultMedium,Starfield.esm,2
Starfield.esm,2026-09-02 23:00:21,0005DE68,MaalVPlanetData,Maal V,Planet,74746,Maal,0,5,0000D010,ATMO_MaalV,Starfield.esm,1,0,000083EC,ResInorgCommonWater_L,Water,Starfield.esm,0020CDD3,AtmoDefaultMedium,Starfield.esm,2
Starfield.esm,2026-09-02 23:00:21,0005DE67,MaalIVPlanetData,Maal IV,Planet,74746,Maal,0,4,0000D00F,ATMO_MaalIV,Starfield.esm,1,0,000083EC,ResInorgCommonWater_L,Water,Starfield.esm,0020CDD3,AtmoDefaultMedium,Starfield.esm,2
Starfield.esm,2026-09-02 23:00:21,0005DE65,MaalIIIPlanetData,Maal III,Planet,74746,Maal,0,3,0000CFDB,ATMO_MaalIII,Starfield.esm,1,0,000057C9,ResInorgUncommonAlkanes_G,Alkanes,Starfield.esm,0000CFDB,ATMO_MaalIII,Starfield.esm,0
Starfield.esm,2026-09-02 23:00:21,0005DE5D,AlgorabIII-bPlanetData,Algorab III-b,Moon,60776,Algorab,3,9,0000D4E8,ATMO_AlgorabIII-b,Starfield.esm,2,0,000057D5,ResInorgCommonChlorine_G,Chlorine,Starfield.esm,0000D4E8,ATMO_AlgorabIII-b,Starfield.esm,0
Starfield.esm,2026-09-02 23:00:21,0005DE5D,AlgorabIII-bPlanetData,Algorab III-b,Moon,60776,Algorab,3,9,0000D4E8,ATMO_AlgorabIII-b,Starfield.esm,2,1,000083EC,ResInorgCommonWater_L,Water,Starfield.esm,0000D4E8,ATMO_AlgorabIII-b,Starfield.esm,0
Starfield.esm,2026-09-02 23:00:21,0005DE5B,AlgorabIII-aPlanetData,Algorab III-a,Moon,60776,Algorab,3,7,0000D015,ATMO_AlgorabIII-a,Starfield.esm,1,0,000057F5,ResInorgCommonHelium3_G,Helium-3,Starfield.esm,0000D015,ATMO_AlgorabIII-a,Starfield.esm,0
Starfield.esm,2026-09-02 23:00:21,0005DE57,AlgorabIIPlanetData,Algorab II,Planet,60776,Algorab,0,2,0000D014,ATMO_AlgorabII,Starfield.esm,1,0,000083EC,ResInorgCommonWater_L,Water,Starfield.esm,0020CDD3,AtmoDefaultMedium,Starfield.esm,2
Starfield.esm,2026-09-02 23:00:21,0005DE53,ArchimedesVI-aPlanetData,Archimedes VI-a,Moon,75150,Archimedes,6,10,0000D01C,ATMO_ArchimedesVI-a,Starfield.esm,1,0,000083EC,ResInorgCommonWater_L,Water,Starfield.esm,0020CDD3,AtmoDefaultMedium,Starfield.esm,2
Starfield.esm,2026-09-02 23:00:21,0005DE51,ArchimedesV-aPlanetData,Archimedes V-a,Moon,75150,Archimedes,5,13,0000D01A,ATMO_ArchimedesV-a,Starfield.esm,1,0,000083EC,ResInorgCommonWater_L,Water,Starfield.esm,0020CDD3,AtmoDefaultMedium,Starfield.esm,2
Starfield.esm,2026-09-02 23:00:21,0005DE4D,ArchimedesIVPlanetData,Archimedes IV,Planet,75150,Archimedes,0,4,0000D019,ATMO_ArchimedesIV,Starfield.esm,1,0,000083EC,ResInorgCommonWater_L,Water,Starfield.esm,0020CDD3,AtmoDefaultMedium,Starfield.esm,2
Starfield.esm,2026-09-02 23:00:21,0005DE4C,ArchimedesIIIPlanetData,Archimedes III,Planet,75150,Archimedes,0,3,0000D018,ATMO_ArchimedesIII,Starfield.esm,1,0,000083EC,ResInorgCommonWater_L,Water,Starfield.esm,0020CDD3,AtmoDefaultMedium,Starfield.esm,2
Starfield.esm,2026-09-02 23:00:21,0005DE4B,ArchimedesIIPlanetData,Archimedes II,Planet,75150,Archimedes,0,2,0000D017,ATMO_ArchimedesII,Starfield.esm,1,0,000083EC,ResInorgCommonWater_L,Water,Starfield.esm,0020CDD3,AtmoDefaultMedium,Starfield.esm,2
Starfield.esm,2026-09-02 23:00:21,0005DE49,ArchimedesIPlanetData,Archimedes I,Planet,75150,Archimedes,0,1,0000D016,ATMO_ArchimedesI,Starfield.esm,1,0,000083EC,ResInorgCommonWater_L,Water,Starfield.esm,0020CDD3,AtmoDefaultMedium,Starfield.esm,2
Starfield.esm,2026-09-02 23:00:21,0005DE41,FermiIX-dPlanetData,Fermi IX-d,Moon,73788,Fermi,9,25,0025E052,ATMO_FermiIX-d,Starfield.esm,1,0,000057F5,ResInorgCommonHelium3_G,Helium-3,Starfield.esm,0025E052,ATMO_FermiIX-d,Starfield.esm,0
Starfield.esm,2026-09-02 23:00:21,0005DE39,FermiVII-bPlanetData,Fermi VII-b,Moon,73788,Fermi,7,19,0000D09C,ATMO_FermiVII-b,Starfield.esm,1,0,000083EC,ResInorgCommonWater_L,Water,Starfield.esm,0020CDD3,AtmoDefaultMedium,Starfield.esm,2
Starfield.esm,2026-09-02 23:00:21,0005DE38,FermiVII-cPlanetData,Fermi VII-c,Moon,73788,Fermi,7,18,0000D09B,ATMO_FermiVII-c,Starfield.esm,1,0,000083EC,ResInorgCommonWater_L,Water,Starfield.esm,0020CDD3,AtmoDefaultMedium,Starfield.esm,2
Starfield.esm,2026-09-02 23:00:21,0005DE2D,FermiIIIPlanetData,Fermi III,Planet,73788,Fermi,0,3,0000D096,ATMO_FermiIII,Starfield.esm,1,0,000083EC,ResInorgCommonWater_L,Water,Starfield.esm,0020CDD3,AtmoDefaultMedium,Starfield.esm,2
Starfield.esm,2026-09-02 23:00:21,0005DE26,HawkingVI-bPlanetData,Hawking VI-b,Moon,73489,Hawking,6,11,0000D0A7,ATMO_HawkingVI-b,Starfield.esm,1,0,000083EC,ResInorgCommonWater_L,Water,Starfield.esm,0020CDD3,AtmoDefaultMedium,Starfield.esm,2
Starfield.esm,2026-09-02 23:00:21,0005DE1D,HawkingIPlanetData,Hawking I,Planet,73489,Hawking,0,1,0000D4EA,ATMO_HawkingI,Starfield.esm,2,0,000057D5,ResInorgCommonChlorine_G,Chlorine,Starfield.esm,0000D4EA,ATMO_HawkingI,Starfield.esm,0
Starfield.esm,2026-09-02 23:00:21,0005DE1D,HawkingIPlanetData,Hawking I,Planet,73489,Hawking,0,1,0000D4EA,ATMO_HawkingI,Starfield.esm,2,1,000083EC,ResInorgCommonWater_L,Water,Starfield.esm,0000D4EA,ATMO_HawkingI,Starfield.esm,0
Starfield.esm,2026-09-02 23:00:21,0005DE15,HuygensVII-bPlanetData,Huygens VII-b,Moon,73082,Huygens,7,17,0000D295,ATMO_HuygensVII-b,Starfield.esm,1,0,000083EC,ResInorgCommonWater_L,Water,Starfield.esm,0020CDD3,AtmoDefaultMedium,Starfield.esm,2
Starfield.esm,2026-09-02 23:00:21,0005DE0E,HuygensIVPlanetData,Huygens IV,Planet,73082,Huygens,0,4,0000D23E,ATMO_HuygensIV,Starfield.esm,1,0,000083EC,ResInorgCommonWater_L,Water,Starfield.esm,0020CDD3,AtmoDefaultMedium,Starfield.esm,2
Starfield.esm,2026-09-02 23:00:21,0005DE0D,HuygensIIIPlanetData,Huygens III,Planet,73082,Huygens,0,3,0000D4C0,ATMO_FreyaIII,Starfield.esm,2,0,000057C9,ResInorgUncommonAlkanes_G,Alkanes,Starfield.esm,0000D4C0,ATMO_FreyaIII,Starfield.esm,0
Starfield.esm,2026-09-02 23:00:21,0005DE0D,HuygensIIIPlanetData,Huygens III,Planet,73082,Huygens,0,3,0000D4C0,ATMO_FreyaIII,Starfield.esm,2,1,000083EC,ResInorgCommonWater_L,Water,Starfield.esm,0000D4C0,ATMO_FreyaIII,Starfield.esm,0
Starfield.esm,2026-09-02 23:00:21,0003F5A1,JemisonPlanetData,Jemison,Planet,71456,Alpha Centauri,0,3,0000C010,ATMO_Jemison,Starfield.esm,1,0,000083EC,ResInorgCommonWater_L,Water,Starfield.esm,0020CDD3,AtmoDefaultMedium,Starfield.esm,2
Starfield.esm,2026-09-02 23:00:21,0003F59F,KreetPlanetData,Kreet,Moon,88327,Narion,6,15,0000C1BA,ATMO_Kreet,Starfield.esm,1,0,000057F5,ResInorgCommonHelium3_G,Helium-3,Starfield.esm,0000C1BA,ATMO_Kreet,Starfield.esm,0
Starfield.esm,2026-09-02 23:00:21,0003F59B,PolvoPlanetData,Polvo,Planet,119198,Valo,0,1,0000C1BB,ATMO_Polvo,Starfield.esm,1,0,000083EC,ResInorgCommonWater_L,Water,Starfield.esm,0020CDD3,AtmoDefaultMedium,Starfield.esm,2
Starfield.esm,2026-09-02 23:00:21,0003F598,BohrIIPlanetData,Bohr II,Planet,73018,Bohr,0,2,0000D36D,ATMO_BohrII,Starfield.esm,1,0,000083EC,ResInorgCommonWater_L,Water,Starfield.esm,0020CDD3,AtmoDefaultMedium,Starfield.esm,2
